# Host: localhost  (Version: 5.6.21)
# Date: 2015-04-07 17:23:54
# Generator: MySQL-Front 5.3  (Build 2.42)

/*!40101 SET @OLD_CHARACTER_SET_CLIENT=@@CHARACTER_SET_CLIENT */;
/*!40101 SET @OLD_CHARACTER_SET_RESULTS=@@CHARACTER_SET_RESULTS */;
/*!40101 SET @OLD_COLLATION_CONNECTION=@@COLLATION_CONNECTION */;
/*!40101 SET NAMES utf8 */;
/*!40101 SET @OLD_SQL_MODE=@@SQL_MODE */;
/*!40101 SET SQL_MODE='STRICT_TRANS_TABLES,NO_ENGINE_SUBSTITUTION' */;
/*!40111 SET @OLD_SQL_NOTES=@@SQL_NOTES */;
/*!40103 SET SQL_NOTES='ON' */;
/*!40014 SET @OLD_UNIQUE_CHECKS=@@UNIQUE_CHECKS */;
/*!40014 SET UNIQUE_CHECKS=0 */;
/*!40014 SET @OLD_FOREIGN_KEY_CHECKS=@@FOREIGN_KEY_CHECKS */;
/*!40014 SET FOREIGN_KEY_CHECKS=0 */;

DROP DATABASE IF EXISTS `cms_tp`;
CREATE DATABASE `cms_tp` /*!40100 DEFAULT CHARACTER SET utf8 */;
USE `cms_tp`;

#
# Source for table "cms_admin"
#

DROP TABLE IF EXISTS `cms_admin`;
CREATE TABLE `cms_admin` (
  `a_id` tinyint(3) unsigned NOT NULL AUTO_INCREMENT,
  `a_username` varchar(32) NOT NULL COMMENT '用户名',
  `a_password` char(32) NOT NULL COMMENT '密码',
  `a_salt` char(10) NOT NULL DEFAULT 'yaso8848' COMMENT '密码的秘钥',
  PRIMARY KEY (`a_id`)
) ENGINE=InnoDB AUTO_INCREMENT=8 DEFAULT CHARSET=utf8 COMMENT='后台用户表';

#
# Data for table "cms_admin"
#

INSERT INTO `cms_admin` VALUES (1,'admin','4f1c83ac88e52d209264c273a7bc15cb','yaso8848'),(2,'yang','13baebece1cf908ae01d8228b618d3a5','c98998e9'),(3,'song','e78953e83e8b68c50b33952bb9fdb9a4','ca65c0dd'),(4,'hai','3ffa3dc4b06978de1cf51f42aefa31a9','cb427659'),(5,'qin','2ff54cdd24c42f6544078d2e26077a68','cc2667cb'),(6,'zhuang','0b81635620995be6d1b3c02a96b2f47c','cd608987'),(7,'aa','f779b94544e15c9275a2c45df4c648f9','5dc6d322');

#
# Source for table "cms_auth"
#

DROP TABLE IF EXISTS `cms_auth`;
CREATE TABLE `cms_auth` (
  `p_id` tinyint(3) unsigned NOT NULL AUTO_INCREMENT,
  `p_name` varchar(30) NOT NULL COMMENT '权限名字',
  `p_pid` tinyint(3) unsigned NOT NULL DEFAULT '0' COMMENT '父id',
  `p_cname` varchar(32) NOT NULL DEFAULT '' COMMENT '控制器名',
  `p_aname` varchar(32) NOT NULL DEFAULT '' COMMENT '方法名字',
  PRIMARY KEY (`p_id`)
) ENGINE=InnoDB AUTO_INCREMENT=33 DEFAULT CHARSET=utf8 COMMENT='后台权限表';

#
# Data for table "cms_auth"
#

INSERT INTO `cms_auth` VALUES (1,'权限管理',0,'0','0'),(2,'添加栏目',1,'Auth','add'),(3,'栏目列表',1,'Auth','lst'),(4,'删除栏目',3,'Auth','del'),(5,'修改栏目',3,'Auth','edit'),(6,'商品管理',0,'0','0'),(7,'添加商品',6,'Goods','add'),(8,'修改商品',6,'Goods','edit'),(9,'订单管理',0,'0','0'),(10,'查看订单',9,'Order','lst'),(11,'修改订单',9,'Order','edit'),(12,'删除订单',10,'Order','del'),(18,'分类管理',0,'0','0'),(19,'添加分类',18,'Category','add'),(20,'查看分类',18,'Category','lst'),(21,'超级管理员',0,'0','0'),(22,'添加管理员',21,'Admin','add'),(23,'删除管理员',24,'Admin','del'),(24,'查看管理员',21,'Admin','lst'),(25,'角色管理',0,'0','0'),(26,'添加角色',25,'Role','add'),(27,'角色列表',25,'Role','lst'),(28,'模型管理',0,'0','0'),(29,'添加模型',28,'Model','add'),(30,'模型列表',28,'Model','lst');

#
# Source for table "cms_auth_role"
#

DROP TABLE IF EXISTS `cms_auth_role`;
CREATE TABLE `cms_auth_role` (
  `auth_id` tinyint(3) unsigned NOT NULL COMMENT '权限id',
  `role_id` tinyint(3) unsigned NOT NULL COMMENT '角色id',
  KEY `auth_id` (`auth_id`),
  KEY `role_id` (`role_id`)
) ENGINE=InnoDB DEFAULT CHARSET=utf8 COMMENT='权限+角色(中间表)';

#
# Data for table "cms_auth_role"
#

INSERT INTO `cms_auth_role` VALUES (9,2),(10,2),(11,2),(12,2),(6,3),(7,3),(8,3),(18,4),(19,4),(20,4),(21,5),(22,5),(23,5),(1,6),(2,6),(3,6),(4,6),(5,6),(9,7),(10,7),(11,7),(12,7),(13,7),(14,7),(17,7);

#
# Source for table "cms_city"
#

DROP TABLE IF EXISTS `cms_city`;
CREATE TABLE `cms_city` (
  `c_id` smallint(5) unsigned NOT NULL AUTO_INCREMENT,
  `c_name` varchar(64) NOT NULL COMMENT '地区名字',
  `c_pid` smallint(5) unsigned NOT NULL COMMENT '父亲id',
  `c_type` tinyint(4) NOT NULL COMMENT '类型',
  `c_is_open` enum('T','F') NOT NULL DEFAULT 'F' COMMENT '是否开放',
  PRIMARY KEY (`c_id`)
) ENGINE=InnoDB AUTO_INCREMENT=3409 DEFAULT CHARSET=utf8;

#
# Data for table "cms_city"
#

INSERT INTO `cms_city` VALUES (1,'中国',0,0,'T'),(2,'北京',1,1,'T'),(3,'安徽',1,1,'T'),(4,'福建',1,1,'T'),(5,'甘肃',1,1,'T'),(6,'广东',1,1,'T'),(7,'广西',1,1,'T'),(8,'贵州',1,1,'T'),(9,'海南',1,1,'T'),(10,'河北',1,1,'T'),(11,'河南',1,1,'T'),(12,'黑龙江',1,1,'T'),(13,'湖北',1,1,'T'),(14,'湖南',1,1,'T'),(15,'吉林',1,1,'T'),(16,'江苏',1,1,'T'),(17,'江西',1,1,'T'),(18,'辽宁',1,1,'T'),(19,'内蒙古',1,1,'T'),(20,'宁夏',1,1,'T'),(21,'青海',1,1,'T'),(22,'山东',1,1,'T'),(23,'山西',1,1,'T'),(24,'陕西',1,1,'T'),(25,'上海',1,1,'T'),(26,'四川',1,1,'T'),(27,'天津',1,1,'T'),(28,'西藏',1,1,'T'),(29,'新疆',1,1,'T'),(30,'云南',1,1,'T'),(31,'浙江',1,1,'T'),(32,'重庆',1,1,'T'),(33,'香港',1,1,'T'),(34,'澳门',1,1,'T'),(35,'台湾',1,1,'T'),(36,'安庆',3,2,'T'),(37,'蚌埠',3,2,'T'),(38,'巢湖',3,2,'T'),(39,'池州',3,2,'T'),(40,'滁州',3,2,'T'),(41,'阜阳',3,2,'T'),(42,'淮北',3,2,'T'),(43,'淮南',3,2,'T'),(44,'黄山',3,2,'T'),(45,'六安',3,2,'T'),(46,'马鞍山',3,2,'T'),(47,'宿州',3,2,'T'),(48,'铜陵',3,2,'T'),(49,'芜湖',3,2,'T'),(50,'宣城',3,2,'T'),(51,'亳州',3,2,'T'),(52,'北京',2,2,'T'),(53,'福州',4,2,'T'),(54,'龙岩',4,2,'T'),(55,'南平',4,2,'T'),(56,'宁德',4,2,'T'),(57,'莆田',4,2,'T'),(58,'泉州',4,2,'T'),(59,'三明',4,2,'T'),(60,'厦门',4,2,'T'),(61,'漳州',4,2,'T'),(62,'兰州',5,2,'T'),(63,'白银',5,2,'T'),(64,'定西',5,2,'T'),(65,'甘南',5,2,'T'),(66,'嘉峪关',5,2,'T'),(67,'金昌',5,2,'T'),(68,'酒泉',5,2,'T'),(69,'临夏',5,2,'T'),(70,'陇南',5,2,'T'),(71,'平凉',5,2,'T'),(72,'庆阳',5,2,'T'),(73,'天水',5,2,'T'),(74,'武威',5,2,'T'),(75,'张掖',5,2,'T'),(76,'广州',6,2,'T'),(77,'深圳',6,2,'T'),(78,'潮州',6,2,'T'),(79,'东莞',6,2,'T'),(80,'佛山',6,2,'T'),(81,'河源',6,2,'T'),(82,'惠州',6,2,'T'),(83,'江门',6,2,'T'),(84,'揭阳',6,2,'T'),(85,'茂名',6,2,'T'),(86,'梅州',6,2,'T'),(87,'清远',6,2,'T'),(88,'汕头',6,2,'T'),(89,'汕尾',6,2,'T'),(90,'韶关',6,2,'T'),(91,'阳江',6,2,'T'),(92,'云浮',6,2,'T'),(93,'湛江',6,2,'T'),(94,'肇庆',6,2,'T'),(95,'中山',6,2,'T'),(96,'珠海',6,2,'T'),(97,'南宁',7,2,'T'),(98,'桂林',7,2,'T'),(99,'百色',7,2,'T'),(100,'北海',7,2,'T'),(101,'崇左',7,2,'T'),(102,'防城港',7,2,'T'),(103,'贵港',7,2,'T'),(104,'河池',7,2,'T'),(105,'贺州',7,2,'T'),(106,'来宾',7,2,'T'),(107,'柳州',7,2,'T'),(108,'钦州',7,2,'T'),(109,'梧州',7,2,'T'),(110,'玉林',7,2,'T'),(111,'贵阳',8,2,'T'),(112,'安顺',8,2,'T'),(113,'毕节',8,2,'T'),(114,'六盘水',8,2,'T'),(115,'黔东南',8,2,'T'),(116,'黔南',8,2,'T'),(117,'黔西南',8,2,'T'),(118,'铜仁',8,2,'T'),(119,'遵义',8,2,'T'),(120,'海口',9,2,'T'),(121,'三亚',9,2,'T'),(122,'白沙',9,2,'T'),(123,'保亭',9,2,'T'),(124,'昌江',9,2,'T'),(125,'澄迈县',9,2,'T'),(126,'定安县',9,2,'T'),(127,'东方',9,2,'T'),(128,'乐东',9,2,'T'),(129,'临高县',9,2,'T'),(130,'陵水',9,2,'T'),(131,'琼海',9,2,'T'),(132,'琼中',9,2,'T'),(133,'屯昌县',9,2,'T'),(134,'万宁',9,2,'T'),(135,'文昌',9,2,'T'),(136,'五指山',9,2,'T'),(137,'儋州',9,2,'T'),(138,'石家庄',10,2,'T'),(139,'保定',10,2,'T'),(140,'沧州',10,2,'T'),(141,'承德',10,2,'T'),(142,'邯郸',10,2,'T'),(143,'衡水',10,2,'T'),(144,'廊坊',10,2,'T'),(145,'秦皇岛',10,2,'T'),(146,'唐山',10,2,'T'),(147,'邢台',10,2,'T'),(148,'张家口',10,2,'T'),(149,'郑州',11,2,'T'),(150,'洛阳',11,2,'T'),(151,'开封',11,2,'T'),(152,'安阳',11,2,'T'),(153,'鹤壁',11,2,'T'),(154,'济源',11,2,'T'),(155,'焦作',11,2,'T'),(156,'南阳',11,2,'T'),(157,'平顶山',11,2,'T'),(158,'三门峡',11,2,'T'),(159,'商丘',11,2,'T'),(160,'新乡',11,2,'T'),(161,'信阳',11,2,'T'),(162,'许昌',11,2,'T'),(163,'周口',11,2,'T'),(164,'驻马店',11,2,'T'),(165,'漯河',11,2,'T'),(166,'濮阳',11,2,'T'),(167,'哈尔滨',12,2,'T'),(168,'大庆',12,2,'T'),(169,'大兴安岭',12,2,'T'),(170,'鹤岗',12,2,'T'),(171,'黑河',12,2,'T'),(172,'鸡西',12,2,'T'),(173,'佳木斯',12,2,'T'),(174,'牡丹江',12,2,'T'),(175,'七台河',12,2,'T'),(176,'齐齐哈尔',12,2,'T'),(177,'双鸭山',12,2,'T'),(178,'绥化',12,2,'T'),(179,'伊春',12,2,'T'),(180,'武汉',13,2,'T'),(181,'仙桃',13,2,'T'),(182,'鄂州',13,2,'T'),(183,'黄冈',13,2,'T'),(184,'黄石',13,2,'T'),(185,'荆门',13,2,'T'),(186,'荆州',13,2,'T'),(187,'潜江',13,2,'T'),(188,'神农架林区',13,2,'T'),(189,'十堰',13,2,'T'),(190,'随州',13,2,'T'),(191,'天门',13,2,'T'),(192,'咸宁',13,2,'T'),(193,'襄樊',13,2,'T'),(194,'孝感',13,2,'T'),(195,'宜昌',13,2,'T'),(196,'恩施',13,2,'T'),(197,'长沙',14,2,'T'),(198,'张家界',14,2,'T'),(199,'常德',14,2,'T'),(200,'郴州',14,2,'T'),(201,'衡阳',14,2,'T'),(202,'怀化',14,2,'T'),(203,'娄底',14,2,'T'),(204,'邵阳',14,2,'T'),(205,'湘潭',14,2,'T'),(206,'湘西',14,2,'T'),(207,'益阳',14,2,'T'),(208,'永州',14,2,'T'),(209,'岳阳',14,2,'T'),(210,'株洲',14,2,'T'),(211,'长春',15,2,'T'),(212,'吉林',15,2,'T'),(213,'白城',15,2,'T'),(214,'白山',15,2,'T'),(215,'辽源',15,2,'T'),(216,'四平',15,2,'T'),(217,'松原',15,2,'T'),(218,'通化',15,2,'T'),(219,'延边',15,2,'T'),(220,'南京',16,2,'T'),(221,'苏州',16,2,'T'),(222,'无锡',16,2,'T'),(223,'常州',16,2,'T'),(224,'淮安',16,2,'T'),(225,'连云港',16,2,'T'),(226,'南通',16,2,'T'),(227,'宿迁',16,2,'T'),(228,'泰州',16,2,'T'),(229,'徐州',16,2,'T'),(230,'盐城',16,2,'T'),(231,'扬州',16,2,'T'),(232,'镇江',16,2,'T'),(233,'南昌',17,2,'T'),(234,'抚州',17,2,'T'),(235,'赣州',17,2,'T'),(236,'吉安',17,2,'T'),(237,'景德镇',17,2,'T'),(238,'九江',17,2,'T'),(239,'萍乡',17,2,'T'),(240,'上饶',17,2,'T'),(241,'新余',17,2,'T'),(242,'宜春',17,2,'T'),(243,'鹰潭',17,2,'T'),(244,'沈阳',18,2,'T'),(245,'大连',18,2,'T'),(246,'鞍山',18,2,'T'),(247,'本溪',18,2,'T'),(248,'朝阳',18,2,'T'),(249,'丹东',18,2,'T'),(250,'抚顺',18,2,'T'),(251,'阜新',18,2,'T'),(252,'葫芦岛',18,2,'T'),(253,'锦州',18,2,'T'),(254,'辽阳',18,2,'T'),(255,'盘锦',18,2,'T'),(256,'铁岭',18,2,'T'),(257,'营口',18,2,'T'),(258,'呼和浩特',19,2,'T'),(259,'阿拉善盟',19,2,'T'),(260,'巴彦淖尔盟',19,2,'T'),(261,'包头',19,2,'T'),(262,'赤峰',19,2,'T'),(263,'鄂尔多斯',19,2,'T'),(264,'呼伦贝尔',19,2,'T'),(265,'通辽',19,2,'T'),(266,'乌海',19,2,'T'),(267,'乌兰察布市',19,2,'T'),(268,'锡林郭勒盟',19,2,'T'),(269,'兴安盟',19,2,'T'),(270,'银川',20,2,'T'),(271,'固原',20,2,'T'),(272,'石嘴山',20,2,'T'),(273,'吴忠',20,2,'T'),(274,'中卫',20,2,'T'),(275,'西宁',21,2,'T'),(276,'果洛',21,2,'T'),(277,'海北',21,2,'T'),(278,'海东',21,2,'T'),(279,'海南',21,2,'T'),(280,'海西',21,2,'T'),(281,'黄南',21,2,'T'),(282,'玉树',21,2,'T'),(283,'济南',22,2,'T'),(284,'青岛',22,2,'T'),(285,'滨州',22,2,'T'),(286,'德州',22,2,'T'),(287,'东营',22,2,'T'),(288,'菏泽',22,2,'T'),(289,'济宁',22,2,'T'),(290,'莱芜',22,2,'T'),(291,'聊城',22,2,'T'),(292,'临沂',22,2,'T'),(293,'日照',22,2,'T'),(294,'泰安',22,2,'T'),(295,'威海',22,2,'T'),(296,'潍坊',22,2,'T'),(297,'烟台',22,2,'T'),(298,'枣庄',22,2,'T'),(299,'淄博',22,2,'T'),(300,'太原',23,2,'T'),(301,'长治',23,2,'T'),(302,'大同',23,2,'T'),(303,'晋城',23,2,'T'),(304,'晋中',23,2,'T'),(305,'临汾',23,2,'T'),(306,'吕梁',23,2,'T'),(307,'朔州',23,2,'T'),(308,'忻州',23,2,'T'),(309,'阳泉',23,2,'T'),(310,'运城',23,2,'T'),(311,'西安',24,2,'T'),(312,'安康',24,2,'T'),(313,'宝鸡',24,2,'T'),(314,'汉中',24,2,'T'),(315,'商洛',24,2,'T'),(316,'铜川',24,2,'T'),(317,'渭南',24,2,'T'),(318,'咸阳',24,2,'T'),(319,'延安',24,2,'T'),(320,'榆林',24,2,'T'),(321,'上海',25,2,'T'),(322,'成都',26,2,'T'),(323,'绵阳',26,2,'T'),(324,'阿坝',26,2,'T'),(325,'巴中',26,2,'T'),(326,'达州',26,2,'T'),(327,'德阳',26,2,'T'),(328,'甘孜',26,2,'T'),(329,'广安',26,2,'T'),(330,'广元',26,2,'T'),(331,'乐山',26,2,'T'),(332,'凉山',26,2,'T'),(333,'眉山',26,2,'T'),(334,'南充',26,2,'T'),(335,'内江',26,2,'T'),(336,'攀枝花',26,2,'T'),(337,'遂宁',26,2,'T'),(338,'雅安',26,2,'T'),(339,'宜宾',26,2,'T'),(340,'资阳',26,2,'T'),(341,'自贡',26,2,'T'),(342,'泸州',26,2,'T'),(343,'天津',27,2,'T'),(344,'拉萨',28,2,'T'),(345,'阿里',28,2,'T'),(346,'昌都',28,2,'T'),(347,'林芝',28,2,'T'),(348,'那曲',28,2,'T'),(349,'日喀则',28,2,'T'),(350,'山南',28,2,'T'),(351,'乌鲁木齐',29,2,'T'),(352,'阿克苏',29,2,'T'),(353,'阿拉尔',29,2,'T'),(354,'巴音郭楞',29,2,'T'),(355,'博尔塔拉',29,2,'T'),(356,'昌吉',29,2,'T'),(357,'哈密',29,2,'T'),(358,'和田',29,2,'T'),(359,'喀什',29,2,'T'),(360,'克拉玛依',29,2,'T'),(361,'克孜勒苏',29,2,'T'),(362,'石河子',29,2,'T'),(363,'图木舒克',29,2,'T'),(364,'吐鲁番',29,2,'T'),(365,'五家渠',29,2,'T'),(366,'伊犁',29,2,'T'),(367,'昆明',30,2,'T'),(368,'怒江',30,2,'T'),(369,'普洱',30,2,'T'),(370,'丽江',30,2,'T'),(371,'保山',30,2,'T'),(372,'楚雄',30,2,'T'),(373,'大理',30,2,'T'),(374,'德宏',30,2,'T'),(375,'迪庆',30,2,'T'),(376,'红河',30,2,'T'),(377,'临沧',30,2,'T'),(378,'曲靖',30,2,'T'),(379,'文山',30,2,'T'),(380,'西双版纳',30,2,'T'),(381,'玉溪',30,2,'T'),(382,'昭通',30,2,'T'),(383,'杭州',31,2,'T'),(384,'湖州',31,2,'T'),(385,'嘉兴',31,2,'T'),(386,'金华',31,2,'T'),(387,'丽水',31,2,'T'),(388,'宁波',31,2,'T'),(389,'绍兴',31,2,'T'),(390,'台州',31,2,'T'),(391,'温州',31,2,'T'),(392,'舟山',31,2,'T'),(393,'衢州',31,2,'T'),(394,'重庆',32,2,'T'),(395,'香港',33,2,'T'),(396,'澳门',34,2,'T'),(397,'台湾',35,2,'T'),(398,'迎江区',36,3,'F'),(399,'大观区',36,3,'F'),(400,'宜秀区',36,3,'F'),(401,'桐城市',36,3,'F'),(402,'怀宁县',36,3,'F'),(403,'枞阳县',36,3,'F'),(404,'潜山县',36,3,'F'),(405,'太湖县',36,3,'F'),(406,'宿松县',36,3,'F'),(407,'望江县',36,3,'F'),(408,'岳西县',36,3,'F'),(409,'中市区',37,3,'F'),(410,'东市区',37,3,'F'),(411,'西市区',37,3,'F'),(412,'郊区',37,3,'F'),(413,'怀远县',37,3,'F'),(414,'五河县',37,3,'F'),(415,'固镇县',37,3,'F'),(416,'居巢区',38,3,'F'),(417,'庐江县',38,3,'F'),(418,'无为县',38,3,'F'),(419,'含山县',38,3,'F'),(420,'和县',38,3,'F'),(421,'贵池区',39,3,'F'),(422,'东至县',39,3,'F'),(423,'石台县',39,3,'F'),(424,'青阳县',39,3,'F'),(425,'琅琊区',40,3,'F'),(426,'南谯区',40,3,'F'),(427,'天长市',40,3,'F'),(428,'明光市',40,3,'F'),(429,'来安县',40,3,'F'),(430,'全椒县',40,3,'F'),(431,'定远县',40,3,'F'),(432,'凤阳县',40,3,'F'),(433,'蚌山区',41,3,'F'),(434,'龙子湖区',41,3,'F'),(435,'禹会区',41,3,'F'),(436,'淮上区',41,3,'F'),(437,'颍州区',41,3,'F'),(438,'颍东区',41,3,'F'),(439,'颍泉区',41,3,'F'),(440,'界首市',41,3,'F'),(441,'临泉县',41,3,'F'),(442,'太和县',41,3,'F'),(443,'阜南县',41,3,'F'),(444,'颖上县',41,3,'F'),(445,'相山区',42,3,'F'),(446,'杜集区',42,3,'F'),(447,'烈山区',42,3,'F'),(448,'濉溪县',42,3,'F'),(449,'田家庵区',43,3,'F'),(450,'大通区',43,3,'F'),(451,'谢家集区',43,3,'F'),(452,'八公山区',43,3,'F'),(453,'潘集区',43,3,'F'),(454,'凤台县',43,3,'F'),(455,'屯溪区',44,3,'F'),(456,'黄山区',44,3,'F'),(457,'徽州区',44,3,'F'),(458,'歙县',44,3,'F'),(459,'休宁县',44,3,'F'),(460,'黟县',44,3,'F'),(461,'祁门县',44,3,'F'),(462,'金安区',45,3,'F'),(463,'裕安区',45,3,'F'),(464,'寿县',45,3,'F'),(465,'霍邱县',45,3,'F'),(466,'舒城县',45,3,'F'),(467,'金寨县',45,3,'F'),(468,'霍山县',45,3,'F'),(469,'雨山区',46,3,'F'),(470,'花山区',46,3,'F'),(471,'金家庄区',46,3,'F'),(472,'当涂县',46,3,'F'),(473,'埇桥区',47,3,'F'),(474,'砀山县',47,3,'F'),(475,'萧县',47,3,'F'),(476,'灵璧县',47,3,'F'),(477,'泗县',47,3,'F'),(478,'铜官山区',48,3,'F'),(479,'狮子山区',48,3,'F'),(480,'郊区',48,3,'F'),(481,'铜陵县',48,3,'F'),(482,'镜湖区',49,3,'F'),(483,'弋江区',49,3,'F'),(484,'鸠江区',49,3,'F'),(485,'三山区',49,3,'F'),(486,'芜湖县',49,3,'F'),(487,'繁昌县',49,3,'F'),(488,'南陵县',49,3,'F'),(489,'宣州区',50,3,'F'),(490,'宁国市',50,3,'F'),(491,'郎溪县',50,3,'F'),(492,'广德县',50,3,'F'),(493,'泾县',50,3,'F'),(494,'绩溪县',50,3,'F'),(495,'旌德县',50,3,'F'),(496,'涡阳县',51,3,'F'),(497,'蒙城县',51,3,'F'),(498,'利辛县',51,3,'F'),(499,'谯城区',51,3,'F'),(500,'东城区',52,3,'F'),(501,'西城区',52,3,'F'),(502,'海淀区',52,3,'F'),(503,'朝阳区',52,3,'F'),(504,'崇文区',52,3,'F'),(505,'宣武区',52,3,'F'),(506,'丰台区',52,3,'F'),(507,'石景山区',52,3,'F'),(508,'房山区',52,3,'F'),(509,'门头沟区',52,3,'F'),(510,'通州区',52,3,'F'),(511,'顺义区',52,3,'F'),(512,'昌平区',52,3,'F'),(513,'怀柔区',52,3,'F'),(514,'平谷区',52,3,'F'),(515,'大兴区',52,3,'F'),(516,'密云县',52,3,'F'),(517,'延庆县',52,3,'F'),(518,'鼓楼区',53,3,'F'),(519,'台江区',53,3,'F'),(520,'仓山区',53,3,'F'),(521,'马尾区',53,3,'F'),(522,'晋安区',53,3,'F'),(523,'福清市',53,3,'F'),(524,'长乐市',53,3,'F'),(525,'闽侯县',53,3,'F'),(526,'连江县',53,3,'F'),(527,'罗源县',53,3,'F'),(528,'闽清县',53,3,'F'),(529,'永泰县',53,3,'F'),(530,'平潭县',53,3,'F'),(531,'新罗区',54,3,'F'),(532,'漳平市',54,3,'F'),(533,'长汀县',54,3,'F'),(534,'永定县',54,3,'F'),(535,'上杭县',54,3,'F'),(536,'武平县',54,3,'F'),(537,'连城县',54,3,'F'),(538,'延平区',55,3,'F'),(539,'邵武市',55,3,'F'),(540,'武夷山市',55,3,'F'),(541,'建瓯市',55,3,'F'),(542,'建阳市',55,3,'F'),(543,'顺昌县',55,3,'F'),(544,'浦城县',55,3,'F'),(545,'光泽县',55,3,'F'),(546,'松溪县',55,3,'F'),(547,'政和县',55,3,'F'),(548,'蕉城区',56,3,'F'),(549,'福安市',56,3,'F'),(550,'福鼎市',56,3,'F'),(551,'霞浦县',56,3,'F'),(552,'古田县',56,3,'F'),(553,'屏南县',56,3,'F'),(554,'寿宁县',56,3,'F'),(555,'周宁县',56,3,'F'),(556,'柘荣县',56,3,'F'),(557,'城厢区',57,3,'F'),(558,'涵江区',57,3,'F'),(559,'荔城区',57,3,'F'),(560,'秀屿区',57,3,'F'),(561,'仙游县',57,3,'F'),(562,'鲤城区',58,3,'F'),(563,'丰泽区',58,3,'F'),(564,'洛江区',58,3,'F'),(565,'清濛开发区',58,3,'F'),(566,'泉港区',58,3,'F'),(567,'石狮市',58,3,'F'),(568,'晋江市',58,3,'F'),(569,'南安市',58,3,'F'),(570,'惠安县',58,3,'F'),(571,'安溪县',58,3,'F'),(572,'永春县',58,3,'F'),(573,'德化县',58,3,'F'),(574,'金门县',58,3,'F'),(575,'梅列区',59,3,'F'),(576,'三元区',59,3,'F'),(577,'永安市',59,3,'F'),(578,'明溪县',59,3,'F'),(579,'清流县',59,3,'F'),(580,'宁化县',59,3,'F'),(581,'大田县',59,3,'F'),(582,'尤溪县',59,3,'F'),(583,'沙县',59,3,'F'),(584,'将乐县',59,3,'F'),(585,'泰宁县',59,3,'F'),(586,'建宁县',59,3,'F'),(587,'思明区',60,3,'F'),(588,'海沧区',60,3,'F'),(589,'湖里区',60,3,'F'),(590,'集美区',60,3,'F'),(591,'同安区',60,3,'F'),(592,'翔安区',60,3,'F'),(593,'芗城区',61,3,'F'),(594,'龙文区',61,3,'F'),(595,'龙海市',61,3,'F'),(596,'云霄县',61,3,'F'),(597,'漳浦县',61,3,'F'),(598,'诏安县',61,3,'F'),(599,'长泰县',61,3,'F'),(600,'东山县',61,3,'F'),(601,'南靖县',61,3,'F'),(602,'平和县',61,3,'F'),(603,'华安县',61,3,'F'),(604,'皋兰县',62,3,'F'),(605,'城关区',62,3,'F'),(606,'七里河区',62,3,'F'),(607,'西固区',62,3,'F'),(608,'安宁区',62,3,'F'),(609,'红古区',62,3,'F'),(610,'永登县',62,3,'F'),(611,'榆中县',62,3,'F'),(612,'白银区',63,3,'F'),(613,'平川区',63,3,'F'),(614,'会宁县',63,3,'F'),(615,'景泰县',63,3,'F'),(616,'靖远县',63,3,'F'),(617,'临洮县',64,3,'F'),(618,'陇西县',64,3,'F'),(619,'通渭县',64,3,'F'),(620,'渭源县',64,3,'F'),(621,'漳县',64,3,'F'),(622,'岷县',64,3,'F'),(623,'安定区',64,3,'F'),(624,'安定区',64,3,'F'),(625,'合作市',65,3,'F'),(626,'临潭县',65,3,'F'),(627,'卓尼县',65,3,'F'),(628,'舟曲县',65,3,'F'),(629,'迭部县',65,3,'F'),(630,'玛曲县',65,3,'F'),(631,'碌曲县',65,3,'F'),(632,'夏河县',65,3,'F'),(633,'嘉峪关市',66,3,'F'),(634,'金川区',67,3,'F'),(635,'永昌县',67,3,'F'),(636,'肃州区',68,3,'F'),(637,'玉门市',68,3,'F'),(638,'敦煌市',68,3,'F'),(639,'金塔县',68,3,'F'),(640,'瓜州县',68,3,'F'),(641,'肃北',68,3,'F'),(642,'阿克塞',68,3,'F'),(643,'临夏市',69,3,'F'),(644,'临夏县',69,3,'F'),(645,'康乐县',69,3,'F'),(646,'永靖县',69,3,'F'),(647,'广河县',69,3,'F'),(648,'和政县',69,3,'F'),(649,'东乡族自治县',69,3,'F'),(650,'积石山',69,3,'F'),(651,'成县',70,3,'F'),(652,'徽县',70,3,'F'),(653,'康县',70,3,'F'),(654,'礼县',70,3,'F'),(655,'两当县',70,3,'F'),(656,'文县',70,3,'F'),(657,'西和县',70,3,'F'),(658,'宕昌县',70,3,'F'),(659,'武都区',70,3,'F'),(660,'崇信县',71,3,'F'),(661,'华亭县',71,3,'F'),(662,'静宁县',71,3,'F'),(663,'灵台县',71,3,'F'),(664,'崆峒区',71,3,'F'),(665,'庄浪县',71,3,'F'),(666,'泾川县',71,3,'F'),(667,'合水县',72,3,'F'),(668,'华池县',72,3,'F'),(669,'环县',72,3,'F'),(670,'宁县',72,3,'F'),(671,'庆城县',72,3,'F'),(672,'西峰区',72,3,'F'),(673,'镇原县',72,3,'F'),(674,'正宁县',72,3,'F'),(675,'甘谷县',73,3,'F'),(676,'秦安县',73,3,'F'),(677,'清水县',73,3,'F'),(678,'秦州区',73,3,'F'),(679,'麦积区',73,3,'F'),(680,'武山县',73,3,'F'),(681,'张家川',73,3,'F'),(682,'古浪县',74,3,'F'),(683,'民勤县',74,3,'F'),(684,'天祝',74,3,'F'),(685,'凉州区',74,3,'F'),(686,'高台县',75,3,'F'),(687,'临泽县',75,3,'F'),(688,'民乐县',75,3,'F'),(689,'山丹县',75,3,'F'),(690,'肃南',75,3,'F'),(691,'甘州区',75,3,'F'),(692,'从化市',76,3,'F'),(693,'天河区',76,3,'F'),(694,'东山区',76,3,'F'),(695,'白云区',76,3,'F'),(696,'海珠区',76,3,'F'),(697,'荔湾区',76,3,'F'),(698,'越秀区',76,3,'F'),(699,'黄埔区',76,3,'F'),(700,'番禺区',76,3,'F'),(701,'花都区',76,3,'F'),(702,'增城区',76,3,'F'),(703,'从化区',76,3,'F'),(704,'市郊',76,3,'F'),(705,'福田区',77,3,'F'),(706,'罗湖区',77,3,'F'),(707,'南山区',77,3,'F'),(708,'宝安区',77,3,'F'),(709,'龙岗区',77,3,'F'),(710,'盐田区',77,3,'F'),(711,'湘桥区',78,3,'F'),(712,'潮安县',78,3,'F'),(713,'饶平县',78,3,'F'),(714,'南城区',79,3,'F'),(715,'东城区',79,3,'F'),(716,'万江区',79,3,'F'),(717,'莞城区',79,3,'F'),(718,'石龙镇',79,3,'F'),(719,'虎门镇',79,3,'F'),(720,'麻涌镇',79,3,'F'),(721,'道滘镇',79,3,'F'),(722,'石碣镇',79,3,'F'),(723,'沙田镇',79,3,'F'),(724,'望牛墩镇',79,3,'F'),(725,'洪梅镇',79,3,'F'),(726,'茶山镇',79,3,'F'),(727,'寮步镇',79,3,'F'),(728,'大岭山镇',79,3,'F'),(729,'大朗镇',79,3,'F'),(730,'黄江镇',79,3,'F'),(731,'樟木头',79,3,'F'),(732,'凤岗镇',79,3,'F'),(733,'塘厦镇',79,3,'F'),(734,'谢岗镇',79,3,'F'),(735,'厚街镇',79,3,'F'),(736,'清溪镇',79,3,'F'),(737,'常平镇',79,3,'F'),(738,'桥头镇',79,3,'F'),(739,'横沥镇',79,3,'F'),(740,'东坑镇',79,3,'F'),(741,'企石镇',79,3,'F'),(742,'石排镇',79,3,'F'),(743,'长安镇',79,3,'F'),(744,'中堂镇',79,3,'F'),(745,'高埗镇',79,3,'F'),(746,'禅城区',80,3,'F'),(747,'南海区',80,3,'F'),(748,'顺德区',80,3,'F'),(749,'三水区',80,3,'F'),(750,'高明区',80,3,'F'),(751,'东源县',81,3,'F'),(752,'和平县',81,3,'F'),(753,'源城区',81,3,'F'),(754,'连平县',81,3,'F'),(755,'龙川县',81,3,'F'),(756,'紫金县',81,3,'F'),(757,'惠阳区',82,3,'F'),(758,'惠城区',82,3,'F'),(759,'大亚湾',82,3,'F'),(760,'博罗县',82,3,'F'),(761,'惠东县',82,3,'F'),(762,'龙门县',82,3,'F'),(763,'江海区',83,3,'F'),(764,'蓬江区',83,3,'F'),(765,'新会区',83,3,'F'),(766,'台山市',83,3,'F'),(767,'开平市',83,3,'F'),(768,'鹤山市',83,3,'F'),(769,'恩平市',83,3,'F'),(770,'榕城区',84,3,'F'),(771,'普宁市',84,3,'F'),(772,'揭东县',84,3,'F'),(773,'揭西县',84,3,'F'),(774,'惠来县',84,3,'F'),(775,'茂南区',85,3,'F'),(776,'茂港区',85,3,'F'),(777,'高州市',85,3,'F'),(778,'化州市',85,3,'F'),(779,'信宜市',85,3,'F'),(780,'电白县',85,3,'F'),(781,'梅县',86,3,'F'),(782,'梅江区',86,3,'F'),(783,'兴宁市',86,3,'F'),(784,'大埔县',86,3,'F'),(785,'丰顺县',86,3,'F'),(786,'五华县',86,3,'F'),(787,'平远县',86,3,'F'),(788,'蕉岭县',86,3,'F'),(789,'清城区',87,3,'F'),(790,'英德市',87,3,'F'),(791,'连州市',87,3,'F'),(792,'佛冈县',87,3,'F'),(793,'阳山县',87,3,'F'),(794,'清新县',87,3,'F'),(795,'连山',87,3,'F'),(796,'连南',87,3,'F'),(797,'南澳县',88,3,'F'),(798,'潮阳区',88,3,'F'),(799,'澄海区',88,3,'F'),(800,'龙湖区',88,3,'F'),(801,'金平区',88,3,'F'),(802,'濠江区',88,3,'F'),(803,'潮南区',88,3,'F'),(804,'城区',89,3,'F'),(805,'陆丰市',89,3,'F'),(806,'海丰县',89,3,'F'),(807,'陆河县',89,3,'F'),(808,'曲江县',90,3,'F'),(809,'浈江区',90,3,'F'),(810,'武江区',90,3,'F'),(811,'曲江区',90,3,'F'),(812,'乐昌市',90,3,'F'),(813,'南雄市',90,3,'F'),(814,'始兴县',90,3,'F'),(815,'仁化县',90,3,'F'),(816,'翁源县',90,3,'F'),(817,'新丰县',90,3,'F'),(818,'乳源',90,3,'F'),(819,'江城区',91,3,'F'),(820,'阳春市',91,3,'F'),(821,'阳西县',91,3,'F'),(822,'阳东县',91,3,'F'),(823,'云城区',92,3,'F'),(824,'罗定市',92,3,'F'),(825,'新兴县',92,3,'F'),(826,'郁南县',92,3,'F'),(827,'云安县',92,3,'F'),(828,'赤坎区',93,3,'F'),(829,'霞山区',93,3,'F'),(830,'坡头区',93,3,'F'),(831,'麻章区',93,3,'F'),(832,'廉江市',93,3,'F'),(833,'雷州市',93,3,'F'),(834,'吴川市',93,3,'F'),(835,'遂溪县',93,3,'F'),(836,'徐闻县',93,3,'F'),(837,'肇庆市',94,3,'F'),(838,'高要市',94,3,'F'),(839,'四会市',94,3,'F'),(840,'广宁县',94,3,'F'),(841,'怀集县',94,3,'F'),(842,'封开县',94,3,'F'),(843,'德庆县',94,3,'F'),(844,'石岐街道',95,3,'F'),(845,'东区街道',95,3,'F'),(846,'西区街道',95,3,'F'),(847,'环城街道',95,3,'F'),(848,'中山港街道',95,3,'F'),(849,'五桂山街道',95,3,'F'),(850,'香洲区',96,3,'F'),(851,'斗门区',96,3,'F'),(852,'金湾区',96,3,'F'),(853,'邕宁区',97,3,'F'),(854,'青秀区',97,3,'F'),(855,'兴宁区',97,3,'F'),(856,'良庆区',97,3,'F'),(857,'西乡塘区',97,3,'F'),(858,'江南区',97,3,'F'),(859,'武鸣县',97,3,'F'),(860,'隆安县',97,3,'F'),(861,'马山县',97,3,'F'),(862,'上林县',97,3,'F'),(863,'宾阳县',97,3,'F'),(864,'横县',97,3,'F'),(865,'秀峰区',98,3,'F'),(866,'叠彩区',98,3,'F'),(867,'象山区',98,3,'F'),(868,'七星区',98,3,'F'),(869,'雁山区',98,3,'F'),(870,'阳朔县',98,3,'F'),(871,'临桂县',98,3,'F'),(872,'灵川县',98,3,'F'),(873,'全州县',98,3,'F'),(874,'平乐县',98,3,'F'),(875,'兴安县',98,3,'F'),(876,'灌阳县',98,3,'F'),(877,'荔浦县',98,3,'F'),(878,'资源县',98,3,'F'),(879,'永福县',98,3,'F'),(880,'龙胜',98,3,'F'),(881,'恭城',98,3,'F'),(882,'右江区',99,3,'F'),(883,'凌云县',99,3,'F'),(884,'平果县',99,3,'F'),(885,'西林县',99,3,'F'),(886,'乐业县',99,3,'F'),(887,'德保县',99,3,'F'),(888,'田林县',99,3,'F'),(889,'田阳县',99,3,'F'),(890,'靖西县',99,3,'F'),(891,'田东县',99,3,'F'),(892,'那坡县',99,3,'F'),(893,'隆林',99,3,'F'),(894,'海城区',100,3,'F'),(895,'银海区',100,3,'F'),(896,'铁山港区',100,3,'F'),(897,'合浦县',100,3,'F'),(898,'江州区',101,3,'F'),(899,'凭祥市',101,3,'F'),(900,'宁明县',101,3,'F'),(901,'扶绥县',101,3,'F'),(902,'龙州县',101,3,'F'),(903,'大新县',101,3,'F'),(904,'天等县',101,3,'F'),(905,'港口区',102,3,'F'),(906,'防城区',102,3,'F'),(907,'东兴市',102,3,'F'),(908,'上思县',102,3,'F'),(909,'港北区',103,3,'F'),(910,'港南区',103,3,'F'),(911,'覃塘区',103,3,'F'),(912,'桂平市',103,3,'F'),(913,'平南县',103,3,'F'),(914,'金城江区',104,3,'F'),(915,'宜州市',104,3,'F'),(916,'天峨县',104,3,'F'),(917,'凤山县',104,3,'F'),(918,'南丹县',104,3,'F'),(919,'东兰县',104,3,'F'),(920,'都安',104,3,'F'),(921,'罗城',104,3,'F'),(922,'巴马',104,3,'F'),(923,'环江',104,3,'F'),(924,'大化',104,3,'F'),(925,'八步区',105,3,'F'),(926,'钟山县',105,3,'F'),(927,'昭平县',105,3,'F'),(928,'富川',105,3,'F'),(929,'兴宾区',106,3,'F'),(930,'合山市',106,3,'F'),(931,'象州县',106,3,'F'),(932,'武宣县',106,3,'F'),(933,'忻城县',106,3,'F'),(934,'金秀',106,3,'F'),(935,'城中区',107,3,'F'),(936,'鱼峰区',107,3,'F'),(937,'柳北区',107,3,'F'),(938,'柳南区',107,3,'F'),(939,'柳江县',107,3,'F'),(940,'柳城县',107,3,'F'),(941,'鹿寨县',107,3,'F'),(942,'融安县',107,3,'F'),(943,'融水',107,3,'F'),(944,'三江',107,3,'F'),(945,'钦南区',108,3,'F'),(946,'钦北区',108,3,'F'),(947,'灵山县',108,3,'F'),(948,'浦北县',108,3,'F'),(949,'万秀区',109,3,'F'),(950,'蝶山区',109,3,'F'),(951,'长洲区',109,3,'F'),(952,'岑溪市',109,3,'F'),(953,'苍梧县',109,3,'F'),(954,'藤县',109,3,'F'),(955,'蒙山县',109,3,'F'),(956,'玉州区',110,3,'F'),(957,'北流市',110,3,'F'),(958,'容县',110,3,'F'),(959,'陆川县',110,3,'F'),(960,'博白县',110,3,'F'),(961,'兴业县',110,3,'F'),(962,'南明区',111,3,'F'),(963,'云岩区',111,3,'F'),(964,'花溪区',111,3,'F'),(965,'乌当区',111,3,'F'),(966,'白云区',111,3,'F'),(967,'小河区',111,3,'F'),(968,'金阳新区',111,3,'F'),(969,'新天园区',111,3,'F'),(970,'清镇市',111,3,'F'),(971,'开阳县',111,3,'F'),(972,'修文县',111,3,'F'),(973,'息烽县',111,3,'F'),(974,'西秀区',112,3,'F'),(975,'关岭',112,3,'F'),(976,'镇宁',112,3,'F'),(977,'紫云',112,3,'F'),(978,'平坝县',112,3,'F'),(979,'普定县',112,3,'F'),(980,'毕节市',113,3,'F'),(981,'大方县',113,3,'F'),(982,'黔西县',113,3,'F'),(983,'金沙县',113,3,'F'),(984,'织金县',113,3,'F'),(985,'纳雍县',113,3,'F'),(986,'赫章县',113,3,'F'),(987,'威宁',113,3,'F'),(988,'钟山区',114,3,'F'),(989,'六枝特区',114,3,'F'),(990,'水城县',114,3,'F'),(991,'盘县',114,3,'F'),(992,'凯里市',115,3,'F'),(993,'黄平县',115,3,'F'),(994,'施秉县',115,3,'F'),(995,'三穗县',115,3,'F'),(996,'镇远县',115,3,'F'),(997,'岑巩县',115,3,'F'),(998,'天柱县',115,3,'F'),(999,'锦屏县',115,3,'F'),(1000,'剑河县',115,3,'F'),(1001,'台江县',115,3,'F'),(1002,'黎平县',115,3,'F'),(1003,'榕江县',115,3,'F'),(1004,'从江县',115,3,'F'),(1005,'雷山县',115,3,'F'),(1006,'麻江县',115,3,'F'),(1007,'丹寨县',115,3,'F'),(1008,'都匀市',116,3,'F'),(1009,'福泉市',116,3,'F'),(1010,'荔波县',116,3,'F'),(1011,'贵定县',116,3,'F'),(1012,'瓮安县',116,3,'F'),(1013,'独山县',116,3,'F'),(1014,'平塘县',116,3,'F'),(1015,'罗甸县',116,3,'F'),(1016,'长顺县',116,3,'F'),(1017,'龙里县',116,3,'F'),(1018,'惠水县',116,3,'F'),(1019,'三都',116,3,'F'),(1020,'兴义市',117,3,'F'),(1021,'兴仁县',117,3,'F'),(1022,'普安县',117,3,'F'),(1023,'晴隆县',117,3,'F'),(1024,'贞丰县',117,3,'F'),(1025,'望谟县',117,3,'F'),(1026,'册亨县',117,3,'F'),(1027,'安龙县',117,3,'F'),(1028,'铜仁市',118,3,'F'),(1029,'江口县',118,3,'F'),(1030,'石阡县',118,3,'F'),(1031,'思南县',118,3,'F'),(1032,'德江县',118,3,'F'),(1033,'玉屏',118,3,'F'),(1034,'印江',118,3,'F'),(1035,'沿河',118,3,'F'),(1036,'松桃',118,3,'F'),(1037,'万山特区',118,3,'F'),(1038,'红花岗区',119,3,'F'),(1039,'务川县',119,3,'F'),(1040,'道真县',119,3,'F'),(1041,'汇川区',119,3,'F'),(1042,'赤水市',119,3,'F'),(1043,'仁怀市',119,3,'F'),(1044,'遵义县',119,3,'F'),(1045,'桐梓县',119,3,'F'),(1046,'绥阳县',119,3,'F'),(1047,'正安县',119,3,'F'),(1048,'凤冈县',119,3,'F'),(1049,'湄潭县',119,3,'F'),(1050,'余庆县',119,3,'F'),(1051,'习水县',119,3,'F'),(1052,'道真',119,3,'F'),(1053,'务川',119,3,'F'),(1054,'秀英区',120,3,'F'),(1055,'龙华区',120,3,'F'),(1056,'琼山区',120,3,'F'),(1057,'美兰区',120,3,'F'),(1058,'市区',137,3,'F'),(1059,'洋浦开发区',137,3,'F'),(1060,'那大镇',137,3,'F'),(1061,'王五镇',137,3,'F'),(1062,'雅星镇',137,3,'F'),(1063,'大成镇',137,3,'F'),(1064,'中和镇',137,3,'F'),(1065,'峨蔓镇',137,3,'F'),(1066,'南丰镇',137,3,'F'),(1067,'白马井镇',137,3,'F'),(1068,'兰洋镇',137,3,'F'),(1069,'和庆镇',137,3,'F'),(1070,'海头镇',137,3,'F'),(1071,'排浦镇',137,3,'F'),(1072,'东成镇',137,3,'F'),(1073,'光村镇',137,3,'F'),(1074,'木棠镇',137,3,'F'),(1075,'新州镇',137,3,'F'),(1076,'三都镇',137,3,'F'),(1077,'其他',137,3,'F'),(1078,'长安区',138,3,'F'),(1079,'桥东区',138,3,'F'),(1080,'桥西区',138,3,'F'),(1081,'新华区',138,3,'F'),(1082,'裕华区',138,3,'F'),(1083,'井陉矿区',138,3,'F'),(1084,'高新区',138,3,'F'),(1085,'辛集市',138,3,'F'),(1086,'藁城市',138,3,'F'),(1087,'晋州市',138,3,'F'),(1088,'新乐市',138,3,'F'),(1089,'鹿泉市',138,3,'F'),(1090,'井陉县',138,3,'F'),(1091,'正定县',138,3,'F'),(1092,'栾城县',138,3,'F'),(1093,'行唐县',138,3,'F'),(1094,'灵寿县',138,3,'F'),(1095,'高邑县',138,3,'F'),(1096,'深泽县',138,3,'F'),(1097,'赞皇县',138,3,'F'),(1098,'无极县',138,3,'F'),(1099,'平山县',138,3,'F'),(1100,'元氏县',138,3,'F'),(1101,'赵县',138,3,'F'),(1102,'新市区',139,3,'F'),(1103,'南市区',139,3,'F'),(1104,'北市区',139,3,'F'),(1105,'涿州市',139,3,'F'),(1106,'定州市',139,3,'F'),(1107,'安国市',139,3,'F'),(1108,'高碑店市',139,3,'F'),(1109,'满城县',139,3,'F'),(1110,'清苑县',139,3,'F'),(1111,'涞水县',139,3,'F'),(1112,'阜平县',139,3,'F'),(1113,'徐水县',139,3,'F'),(1114,'定兴县',139,3,'F'),(1115,'唐县',139,3,'F'),(1116,'高阳县',139,3,'F'),(1117,'容城县',139,3,'F'),(1118,'涞源县',139,3,'F'),(1119,'望都县',139,3,'F'),(1120,'安新县',139,3,'F'),(1121,'易县',139,3,'F'),(1122,'曲阳县',139,3,'F'),(1123,'蠡县',139,3,'F'),(1124,'顺平县',139,3,'F'),(1125,'博野县',139,3,'F'),(1126,'雄县',139,3,'F'),(1127,'运河区',140,3,'F'),(1128,'新华区',140,3,'F'),(1129,'泊头市',140,3,'F'),(1130,'任丘市',140,3,'F'),(1131,'黄骅市',140,3,'F'),(1132,'河间市',140,3,'F'),(1133,'沧县',140,3,'F'),(1134,'青县',140,3,'F'),(1135,'东光县',140,3,'F'),(1136,'海兴县',140,3,'F'),(1137,'盐山县',140,3,'F'),(1138,'肃宁县',140,3,'F'),(1139,'南皮县',140,3,'F'),(1140,'吴桥县',140,3,'F'),(1141,'献县',140,3,'F'),(1142,'孟村',140,3,'F'),(1143,'双桥区',141,3,'F'),(1144,'双滦区',141,3,'F'),(1145,'鹰手营子矿区',141,3,'F'),(1146,'承德县',141,3,'F'),(1147,'兴隆县',141,3,'F'),(1148,'平泉县',141,3,'F'),(1149,'滦平县',141,3,'F'),(1150,'隆化县',141,3,'F'),(1151,'丰宁',141,3,'F'),(1152,'宽城',141,3,'F'),(1153,'围场',141,3,'F'),(1154,'从台区',142,3,'F'),(1155,'复兴区',142,3,'F'),(1156,'邯山区',142,3,'F'),(1157,'峰峰矿区',142,3,'F'),(1158,'武安市',142,3,'F'),(1159,'邯郸县',142,3,'F'),(1160,'临漳县',142,3,'F'),(1161,'成安县',142,3,'F'),(1162,'大名县',142,3,'F'),(1163,'涉县',142,3,'F'),(1164,'磁县',142,3,'F'),(1165,'肥乡县',142,3,'F'),(1166,'永年县',142,3,'F'),(1167,'邱县',142,3,'F'),(1168,'鸡泽县',142,3,'F'),(1169,'广平县',142,3,'F'),(1170,'馆陶县',142,3,'F'),(1171,'魏县',142,3,'F'),(1172,'曲周县',142,3,'F'),(1173,'桃城区',143,3,'F'),(1174,'冀州市',143,3,'F'),(1175,'深州市',143,3,'F'),(1176,'枣强县',143,3,'F'),(1177,'武邑县',143,3,'F'),(1178,'武强县',143,3,'F'),(1179,'饶阳县',143,3,'F'),(1180,'安平县',143,3,'F'),(1181,'故城县',143,3,'F'),(1182,'景县',143,3,'F'),(1183,'阜城县',143,3,'F'),(1184,'安次区',144,3,'F'),(1185,'广阳区',144,3,'F'),(1186,'霸州市',144,3,'F'),(1187,'三河市',144,3,'F'),(1188,'固安县',144,3,'F'),(1189,'永清县',144,3,'F'),(1190,'香河县',144,3,'F'),(1191,'大城县',144,3,'F'),(1192,'文安县',144,3,'F'),(1193,'大厂',144,3,'F'),(1194,'海港区',145,3,'F'),(1195,'山海关区',145,3,'F'),(1196,'北戴河区',145,3,'F'),(1197,'昌黎县',145,3,'F'),(1198,'抚宁县',145,3,'F'),(1199,'卢龙县',145,3,'F'),(1200,'青龙',145,3,'F'),(1201,'路北区',146,3,'F'),(1202,'路南区',146,3,'F'),(1203,'古冶区',146,3,'F'),(1204,'开平区',146,3,'F'),(1205,'丰南区',146,3,'F'),(1206,'丰润区',146,3,'F'),(1207,'遵化市',146,3,'F'),(1208,'迁安市',146,3,'F'),(1209,'滦县',146,3,'F'),(1210,'滦南县',146,3,'F'),(1211,'乐亭县',146,3,'F'),(1212,'迁西县',146,3,'F'),(1213,'玉田县',146,3,'F'),(1214,'唐海县',146,3,'F'),(1215,'桥东区',147,3,'F'),(1216,'桥西区',147,3,'F'),(1217,'南宫市',147,3,'F'),(1218,'沙河市',147,3,'F'),(1219,'邢台县',147,3,'F'),(1220,'临城县',147,3,'F'),(1221,'内丘县',147,3,'F'),(1222,'柏乡县',147,3,'F'),(1223,'隆尧县',147,3,'F'),(1224,'任县',147,3,'F'),(1225,'南和县',147,3,'F'),(1226,'宁晋县',147,3,'F'),(1227,'巨鹿县',147,3,'F'),(1228,'新河县',147,3,'F'),(1229,'广宗县',147,3,'F'),(1230,'平乡县',147,3,'F'),(1231,'威县',147,3,'F'),(1232,'清河县',147,3,'F'),(1233,'临西县',147,3,'F'),(1234,'桥西区',148,3,'F'),(1235,'桥东区',148,3,'F'),(1236,'宣化区',148,3,'F'),(1237,'下花园区',148,3,'F'),(1238,'宣化县',148,3,'F'),(1239,'张北县',148,3,'F'),(1240,'康保县',148,3,'F'),(1241,'沽源县',148,3,'F'),(1242,'尚义县',148,3,'F'),(1243,'蔚县',148,3,'F'),(1244,'阳原县',148,3,'F'),(1245,'怀安县',148,3,'F'),(1246,'万全县',148,3,'F'),(1247,'怀来县',148,3,'F'),(1248,'涿鹿县',148,3,'F'),(1249,'赤城县',148,3,'F'),(1250,'崇礼县',148,3,'F'),(1251,'金水区',149,3,'F'),(1252,'邙山区',149,3,'F'),(1253,'二七区',149,3,'F'),(1254,'管城区',149,3,'F'),(1255,'中原区',149,3,'F'),(1256,'上街区',149,3,'F'),(1257,'惠济区',149,3,'F'),(1258,'郑东新区',149,3,'F'),(1259,'经济技术开发区',149,3,'F'),(1260,'高新开发区',149,3,'F'),(1261,'出口加工区',149,3,'F'),(1262,'巩义市',149,3,'F'),(1263,'荥阳市',149,3,'F'),(1264,'新密市',149,3,'F'),(1265,'新郑市',149,3,'F'),(1266,'登封市',149,3,'F'),(1267,'中牟县',149,3,'F'),(1268,'西工区',150,3,'F'),(1269,'老城区',150,3,'F'),(1270,'涧西区',150,3,'F'),(1271,'瀍河回族区',150,3,'F'),(1272,'洛龙区',150,3,'F'),(1273,'吉利区',150,3,'F'),(1274,'偃师市',150,3,'F'),(1275,'孟津县',150,3,'F'),(1276,'新安县',150,3,'F'),(1277,'栾川县',150,3,'F'),(1278,'嵩县',150,3,'F'),(1279,'汝阳县',150,3,'F'),(1280,'宜阳县',150,3,'F'),(1281,'洛宁县',150,3,'F'),(1282,'伊川县',150,3,'F'),(1283,'鼓楼区',151,3,'F'),(1284,'龙亭区',151,3,'F'),(1285,'顺河回族区',151,3,'F'),(1286,'金明区',151,3,'F'),(1287,'禹王台区',151,3,'F'),(1288,'杞县',151,3,'F'),(1289,'通许县',151,3,'F'),(1290,'尉氏县',151,3,'F'),(1291,'开封县',151,3,'F'),(1292,'兰考县',151,3,'F'),(1293,'北关区',152,3,'F'),(1294,'文峰区',152,3,'F'),(1295,'殷都区',152,3,'F'),(1296,'龙安区',152,3,'F'),(1297,'林州市',152,3,'F'),(1298,'安阳县',152,3,'F'),(1299,'汤阴县',152,3,'F'),(1300,'滑县',152,3,'F'),(1301,'内黄县',152,3,'F'),(1302,'淇滨区',153,3,'F'),(1303,'山城区',153,3,'F'),(1304,'鹤山区',153,3,'F'),(1305,'浚县',153,3,'F'),(1306,'淇县',153,3,'F'),(1307,'济源市',154,3,'F'),(1308,'解放区',155,3,'F'),(1309,'中站区',155,3,'F'),(1310,'马村区',155,3,'F'),(1311,'山阳区',155,3,'F'),(1312,'沁阳市',155,3,'F'),(1313,'孟州市',155,3,'F'),(1314,'修武县',155,3,'F'),(1315,'博爱县',155,3,'F'),(1316,'武陟县',155,3,'F'),(1317,'温县',155,3,'F'),(1318,'卧龙区',156,3,'F'),(1319,'宛城区',156,3,'F'),(1320,'邓州市',156,3,'F'),(1321,'南召县',156,3,'F'),(1322,'方城县',156,3,'F'),(1323,'西峡县',156,3,'F'),(1324,'镇平县',156,3,'F'),(1325,'内乡县',156,3,'F'),(1326,'淅川县',156,3,'F'),(1327,'社旗县',156,3,'F'),(1328,'唐河县',156,3,'F'),(1329,'新野县',156,3,'F'),(1330,'桐柏县',156,3,'F'),(1331,'新华区',157,3,'F'),(1332,'卫东区',157,3,'F'),(1333,'湛河区',157,3,'F'),(1334,'石龙区',157,3,'F'),(1335,'舞钢市',157,3,'F'),(1336,'汝州市',157,3,'F'),(1337,'宝丰县',157,3,'F'),(1338,'叶县',157,3,'F'),(1339,'鲁山县',157,3,'F'),(1340,'郏县',157,3,'F'),(1341,'湖滨区',158,3,'F'),(1342,'义马市',158,3,'F'),(1343,'灵宝市',158,3,'F'),(1344,'渑池县',158,3,'F'),(1345,'陕县',158,3,'F'),(1346,'卢氏县',158,3,'F'),(1347,'梁园区',159,3,'F'),(1348,'睢阳区',159,3,'F'),(1349,'永城市',159,3,'F'),(1350,'民权县',159,3,'F'),(1351,'睢县',159,3,'F'),(1352,'宁陵县',159,3,'F'),(1353,'虞城县',159,3,'F'),(1354,'柘城县',159,3,'F'),(1355,'夏邑县',159,3,'F'),(1356,'卫滨区',160,3,'F'),(1357,'红旗区',160,3,'F'),(1358,'凤泉区',160,3,'F'),(1359,'牧野区',160,3,'F'),(1360,'卫辉市',160,3,'F'),(1361,'辉县市',160,3,'F'),(1362,'新乡县',160,3,'F'),(1363,'获嘉县',160,3,'F'),(1364,'原阳县',160,3,'F'),(1365,'延津县',160,3,'F'),(1366,'封丘县',160,3,'F'),(1367,'长垣县',160,3,'F'),(1368,'浉河区',161,3,'F'),(1369,'平桥区',161,3,'F'),(1370,'罗山县',161,3,'F'),(1371,'光山县',161,3,'F'),(1372,'新县',161,3,'F'),(1373,'商城县',161,3,'F'),(1374,'固始县',161,3,'F'),(1375,'潢川县',161,3,'F'),(1376,'淮滨县',161,3,'F'),(1377,'息县',161,3,'F'),(1378,'魏都区',162,3,'F'),(1379,'禹州市',162,3,'F'),(1380,'长葛市',162,3,'F'),(1381,'许昌县',162,3,'F'),(1382,'鄢陵县',162,3,'F'),(1383,'襄城县',162,3,'F'),(1384,'川汇区',163,3,'F'),(1385,'项城市',163,3,'F'),(1386,'扶沟县',163,3,'F'),(1387,'西华县',163,3,'F'),(1388,'商水县',163,3,'F'),(1389,'沈丘县',163,3,'F'),(1390,'郸城县',163,3,'F'),(1391,'淮阳县',163,3,'F'),(1392,'太康县',163,3,'F'),(1393,'鹿邑县',163,3,'F'),(1394,'驿城区',164,3,'F'),(1395,'西平县',164,3,'F'),(1396,'上蔡县',164,3,'F'),(1397,'平舆县',164,3,'F'),(1398,'正阳县',164,3,'F'),(1399,'确山县',164,3,'F'),(1400,'泌阳县',164,3,'F'),(1401,'汝南县',164,3,'F'),(1402,'遂平县',164,3,'F'),(1403,'新蔡县',164,3,'F'),(1404,'郾城区',165,3,'F'),(1405,'源汇区',165,3,'F'),(1406,'召陵区',165,3,'F'),(1407,'舞阳县',165,3,'F'),(1408,'临颍县',165,3,'F'),(1409,'华龙区',166,3,'F'),(1410,'清丰县',166,3,'F'),(1411,'南乐县',166,3,'F'),(1412,'范县',166,3,'F'),(1413,'台前县',166,3,'F'),(1414,'濮阳县',166,3,'F'),(1415,'道里区',167,3,'F'),(1416,'南岗区',167,3,'F'),(1417,'动力区',167,3,'F'),(1418,'平房区',167,3,'F'),(1419,'香坊区',167,3,'F'),(1420,'太平区',167,3,'F'),(1421,'道外区',167,3,'F'),(1422,'阿城区',167,3,'F'),(1423,'呼兰区',167,3,'F'),(1424,'松北区',167,3,'F'),(1425,'尚志市',167,3,'F'),(1426,'双城市',167,3,'F'),(1427,'五常市',167,3,'F'),(1428,'方正县',167,3,'F'),(1429,'宾县',167,3,'F'),(1430,'依兰县',167,3,'F'),(1431,'巴彦县',167,3,'F'),(1432,'通河县',167,3,'F'),(1433,'木兰县',167,3,'F'),(1434,'延寿县',167,3,'F'),(1435,'萨尔图区',168,3,'F'),(1436,'红岗区',168,3,'F'),(1437,'龙凤区',168,3,'F'),(1438,'让胡路区',168,3,'F'),(1439,'大同区',168,3,'F'),(1440,'肇州县',168,3,'F'),(1441,'肇源县',168,3,'F'),(1442,'林甸县',168,3,'F'),(1443,'杜尔伯特',168,3,'F'),(1444,'呼玛县',169,3,'F'),(1445,'漠河县',169,3,'F'),(1446,'塔河县',169,3,'F'),(1447,'兴山区',170,3,'F'),(1448,'工农区',170,3,'F'),(1449,'南山区',170,3,'F'),(1450,'兴安区',170,3,'F'),(1451,'向阳区',170,3,'F'),(1452,'东山区',170,3,'F'),(1453,'萝北县',170,3,'F'),(1454,'绥滨县',170,3,'F'),(1455,'爱辉区',171,3,'F'),(1456,'五大连池市',171,3,'F'),(1457,'北安市',171,3,'F'),(1458,'嫩江县',171,3,'F'),(1459,'逊克县',171,3,'F'),(1460,'孙吴县',171,3,'F'),(1461,'鸡冠区',172,3,'F'),(1462,'恒山区',172,3,'F'),(1463,'城子河区',172,3,'F'),(1464,'滴道区',172,3,'F'),(1465,'梨树区',172,3,'F'),(1466,'虎林市',172,3,'F'),(1467,'密山市',172,3,'F'),(1468,'鸡东县',172,3,'F'),(1469,'前进区',173,3,'F'),(1470,'郊区',173,3,'F'),(1471,'向阳区',173,3,'F'),(1472,'东风区',173,3,'F'),(1473,'同江市',173,3,'F'),(1474,'富锦市',173,3,'F'),(1475,'桦南县',173,3,'F'),(1476,'桦川县',173,3,'F'),(1477,'汤原县',173,3,'F'),(1478,'抚远县',173,3,'F'),(1479,'爱民区',174,3,'F'),(1480,'东安区',174,3,'F'),(1481,'阳明区',174,3,'F'),(1482,'西安区',174,3,'F'),(1483,'绥芬河市',174,3,'F'),(1484,'海林市',174,3,'F'),(1485,'宁安市',174,3,'F'),(1486,'穆棱市',174,3,'F'),(1487,'东宁县',174,3,'F'),(1488,'林口县',174,3,'F'),(1489,'桃山区',175,3,'F'),(1490,'新兴区',175,3,'F'),(1491,'茄子河区',175,3,'F'),(1492,'勃利县',175,3,'F'),(1493,'龙沙区',176,3,'F'),(1494,'昂昂溪区',176,3,'F'),(1495,'铁峰区',176,3,'F'),(1496,'建华区',176,3,'F'),(1497,'富拉尔基区',176,3,'F'),(1498,'碾子山区',176,3,'F'),(1499,'梅里斯达斡尔区',176,3,'F'),(1500,'讷河市',176,3,'F'),(1501,'龙江县',176,3,'F'),(1502,'依安县',176,3,'F'),(1503,'泰来县',176,3,'F'),(1504,'甘南县',176,3,'F'),(1505,'富裕县',176,3,'F'),(1506,'克山县',176,3,'F'),(1507,'克东县',176,3,'F'),(1508,'拜泉县',176,3,'F'),(1509,'尖山区',177,3,'F'),(1510,'岭东区',177,3,'F'),(1511,'四方台区',177,3,'F'),(1512,'宝山区',177,3,'F'),(1513,'集贤县',177,3,'F'),(1514,'友谊县',177,3,'F'),(1515,'宝清县',177,3,'F'),(1516,'饶河县',177,3,'F'),(1517,'北林区',178,3,'F'),(1518,'安达市',178,3,'F'),(1519,'肇东市',178,3,'F'),(1520,'海伦市',178,3,'F'),(1521,'望奎县',178,3,'F'),(1522,'兰西县',178,3,'F'),(1523,'青冈县',178,3,'F'),(1524,'庆安县',178,3,'F'),(1525,'明水县',178,3,'F'),(1526,'绥棱县',178,3,'F'),(1527,'伊春区',179,3,'F'),(1528,'带岭区',179,3,'F'),(1529,'南岔区',179,3,'F'),(1530,'金山屯区',179,3,'F'),(1531,'西林区',179,3,'F'),(1532,'美溪区',179,3,'F'),(1533,'乌马河区',179,3,'F'),(1534,'翠峦区',179,3,'F'),(1535,'友好区',179,3,'F'),(1536,'上甘岭区',179,3,'F'),(1537,'五营区',179,3,'F'),(1538,'红星区',179,3,'F'),(1539,'新青区',179,3,'F'),(1540,'汤旺河区',179,3,'F'),(1541,'乌伊岭区',179,3,'F'),(1542,'铁力市',179,3,'F'),(1543,'嘉荫县',179,3,'F'),(1544,'江岸区',180,3,'F'),(1545,'武昌区',180,3,'F'),(1546,'江汉区',180,3,'F'),(1547,'硚口区',180,3,'F'),(1548,'汉阳区',180,3,'F'),(1549,'青山区',180,3,'F'),(1550,'洪山区',180,3,'F'),(1551,'东西湖区',180,3,'F'),(1552,'汉南区',180,3,'F'),(1553,'蔡甸区',180,3,'F'),(1554,'江夏区',180,3,'F'),(1555,'黄陂区',180,3,'F'),(1556,'新洲区',180,3,'F'),(1557,'经济开发区',180,3,'F'),(1558,'仙桃市',181,3,'F'),(1559,'鄂城区',182,3,'F'),(1560,'华容区',182,3,'F'),(1561,'梁子湖区',182,3,'F'),(1562,'黄州区',183,3,'F'),(1563,'麻城市',183,3,'F'),(1564,'武穴市',183,3,'F'),(1565,'团风县',183,3,'F'),(1566,'红安县',183,3,'F'),(1567,'罗田县',183,3,'F'),(1568,'英山县',183,3,'F'),(1569,'浠水县',183,3,'F'),(1570,'蕲春县',183,3,'F'),(1571,'黄梅县',183,3,'F'),(1572,'黄石港区',184,3,'F'),(1573,'西塞山区',184,3,'F'),(1574,'下陆区',184,3,'F'),(1575,'铁山区',184,3,'F'),(1576,'大冶市',184,3,'F'),(1577,'阳新县',184,3,'F'),(1578,'东宝区',185,3,'F'),(1579,'掇刀区',185,3,'F'),(1580,'钟祥市',185,3,'F'),(1581,'京山县',185,3,'F'),(1582,'沙洋县',185,3,'F'),(1583,'沙市区',186,3,'F'),(1584,'荆州区',186,3,'F'),(1585,'石首市',186,3,'F'),(1586,'洪湖市',186,3,'F'),(1587,'松滋市',186,3,'F'),(1588,'公安县',186,3,'F'),(1589,'监利县',186,3,'F'),(1590,'江陵县',186,3,'F'),(1591,'潜江市',187,3,'F'),(1592,'神农架林区',188,3,'F'),(1593,'张湾区',189,3,'F'),(1594,'茅箭区',189,3,'F'),(1595,'丹江口市',189,3,'F'),(1596,'郧县',189,3,'F'),(1597,'郧西县',189,3,'F'),(1598,'竹山县',189,3,'F'),(1599,'竹溪县',189,3,'F'),(1600,'房县',189,3,'F'),(1601,'曾都区',190,3,'F'),(1602,'广水市',190,3,'F'),(1603,'天门市',191,3,'F'),(1604,'咸安区',192,3,'F'),(1605,'赤壁市',192,3,'F'),(1606,'嘉鱼县',192,3,'F'),(1607,'通城县',192,3,'F'),(1608,'崇阳县',192,3,'F'),(1609,'通山县',192,3,'F'),(1610,'襄城区',193,3,'F'),(1611,'樊城区',193,3,'F'),(1612,'襄阳区',193,3,'F'),(1613,'老河口市',193,3,'F'),(1614,'枣阳市',193,3,'F'),(1615,'宜城市',193,3,'F'),(1616,'南漳县',193,3,'F'),(1617,'谷城县',193,3,'F'),(1618,'保康县',193,3,'F'),(1619,'孝南区',194,3,'F'),(1620,'应城市',194,3,'F'),(1621,'安陆市',194,3,'F'),(1622,'汉川市',194,3,'F'),(1623,'孝昌县',194,3,'F'),(1624,'大悟县',194,3,'F'),(1625,'云梦县',194,3,'F'),(1626,'长阳',195,3,'F'),(1627,'五峰',195,3,'F'),(1628,'西陵区',195,3,'F'),(1629,'伍家岗区',195,3,'F'),(1630,'点军区',195,3,'F'),(1631,'猇亭区',195,3,'F'),(1632,'夷陵区',195,3,'F'),(1633,'宜都市',195,3,'F'),(1634,'当阳市',195,3,'F'),(1635,'枝江市',195,3,'F'),(1636,'远安县',195,3,'F'),(1637,'兴山县',195,3,'F'),(1638,'秭归县',195,3,'F'),(1639,'恩施市',196,3,'F'),(1640,'利川市',196,3,'F'),(1641,'建始县',196,3,'F'),(1642,'巴东县',196,3,'F'),(1643,'宣恩县',196,3,'F'),(1644,'咸丰县',196,3,'F'),(1645,'来凤县',196,3,'F'),(1646,'鹤峰县',196,3,'F'),(1647,'岳麓区',197,3,'F'),(1648,'芙蓉区',197,3,'F'),(1649,'天心区',197,3,'F'),(1650,'开福区',197,3,'F'),(1651,'雨花区',197,3,'F'),(1652,'开发区',197,3,'F'),(1653,'浏阳市',197,3,'F'),(1654,'长沙县',197,3,'F'),(1655,'望城县',197,3,'F'),(1656,'宁乡县',197,3,'F'),(1657,'永定区',198,3,'F'),(1658,'武陵源区',198,3,'F'),(1659,'慈利县',198,3,'F'),(1660,'桑植县',198,3,'F'),(1661,'武陵区',199,3,'F'),(1662,'鼎城区',199,3,'F'),(1663,'津市市',199,3,'F'),(1664,'安乡县',199,3,'F'),(1665,'汉寿县',199,3,'F'),(1666,'澧县',199,3,'F'),(1667,'临澧县',199,3,'F'),(1668,'桃源县',199,3,'F'),(1669,'石门县',199,3,'F'),(1670,'北湖区',200,3,'F'),(1671,'苏仙区',200,3,'F'),(1672,'资兴市',200,3,'F'),(1673,'桂阳县',200,3,'F'),(1674,'宜章县',200,3,'F'),(1675,'永兴县',200,3,'F'),(1676,'嘉禾县',200,3,'F'),(1677,'临武县',200,3,'F'),(1678,'汝城县',200,3,'F'),(1679,'桂东县',200,3,'F'),(1680,'安仁县',200,3,'F'),(1681,'雁峰区',201,3,'F'),(1682,'珠晖区',201,3,'F'),(1683,'石鼓区',201,3,'F'),(1684,'蒸湘区',201,3,'F'),(1685,'南岳区',201,3,'F'),(1686,'耒阳市',201,3,'F'),(1687,'常宁市',201,3,'F'),(1688,'衡阳县',201,3,'F'),(1689,'衡南县',201,3,'F'),(1690,'衡山县',201,3,'F'),(1691,'衡东县',201,3,'F'),(1692,'祁东县',201,3,'F'),(1693,'鹤城区',202,3,'F'),(1694,'靖州',202,3,'F'),(1695,'麻阳',202,3,'F'),(1696,'通道',202,3,'F'),(1697,'新晃',202,3,'F'),(1698,'芷江',202,3,'F'),(1699,'沅陵县',202,3,'F'),(1700,'辰溪县',202,3,'F'),(1701,'溆浦县',202,3,'F'),(1702,'中方县',202,3,'F'),(1703,'会同县',202,3,'F'),(1704,'洪江市',202,3,'F'),(1705,'娄星区',203,3,'F'),(1706,'冷水江市',203,3,'F'),(1707,'涟源市',203,3,'F'),(1708,'双峰县',203,3,'F'),(1709,'新化县',203,3,'F'),(1710,'城步',204,3,'F'),(1711,'双清区',204,3,'F'),(1712,'大祥区',204,3,'F'),(1713,'北塔区',204,3,'F'),(1714,'武冈市',204,3,'F'),(1715,'邵东县',204,3,'F'),(1716,'新邵县',204,3,'F'),(1717,'邵阳县',204,3,'F'),(1718,'隆回县',204,3,'F'),(1719,'洞口县',204,3,'F'),(1720,'绥宁县',204,3,'F'),(1721,'新宁县',204,3,'F'),(1722,'岳塘区',205,3,'F'),(1723,'雨湖区',205,3,'F'),(1724,'湘乡市',205,3,'F'),(1725,'韶山市',205,3,'F'),(1726,'湘潭县',205,3,'F'),(1727,'吉首市',206,3,'F'),(1728,'泸溪县',206,3,'F'),(1729,'凤凰县',206,3,'F'),(1730,'花垣县',206,3,'F'),(1731,'保靖县',206,3,'F'),(1732,'古丈县',206,3,'F'),(1733,'永顺县',206,3,'F'),(1734,'龙山县',206,3,'F'),(1735,'赫山区',207,3,'F'),(1736,'资阳区',207,3,'F'),(1737,'沅江市',207,3,'F'),(1738,'南县',207,3,'F'),(1739,'桃江县',207,3,'F'),(1740,'安化县',207,3,'F'),(1741,'江华',208,3,'F'),(1742,'冷水滩区',208,3,'F'),(1743,'零陵区',208,3,'F'),(1744,'祁阳县',208,3,'F'),(1745,'东安县',208,3,'F'),(1746,'双牌县',208,3,'F'),(1747,'道县',208,3,'F'),(1748,'江永县',208,3,'F'),(1749,'宁远县',208,3,'F'),(1750,'蓝山县',208,3,'F'),(1751,'新田县',208,3,'F'),(1752,'岳阳楼区',209,3,'F'),(1753,'君山区',209,3,'F'),(1754,'云溪区',209,3,'F'),(1755,'汨罗市',209,3,'F'),(1756,'临湘市',209,3,'F'),(1757,'岳阳县',209,3,'F'),(1758,'华容县',209,3,'F'),(1759,'湘阴县',209,3,'F'),(1760,'平江县',209,3,'F'),(1761,'天元区',210,3,'F'),(1762,'荷塘区',210,3,'F'),(1763,'芦淞区',210,3,'F'),(1764,'石峰区',210,3,'F'),(1765,'醴陵市',210,3,'F'),(1766,'株洲县',210,3,'F'),(1767,'攸县',210,3,'F'),(1768,'茶陵县',210,3,'F'),(1769,'炎陵县',210,3,'F'),(1770,'朝阳区',211,3,'F'),(1771,'宽城区',211,3,'F'),(1772,'二道区',211,3,'F'),(1773,'南关区',211,3,'F'),(1774,'绿园区',211,3,'F'),(1775,'双阳区',211,3,'F'),(1776,'净月潭开发区',211,3,'F'),(1777,'高新技术开发区',211,3,'F'),(1778,'经济技术开发区',211,3,'F'),(1779,'汽车产业开发区',211,3,'F'),(1780,'德惠市',211,3,'F'),(1781,'九台市',211,3,'F'),(1782,'榆树市',211,3,'F'),(1783,'农安县',211,3,'F'),(1784,'船营区',212,3,'F'),(1785,'昌邑区',212,3,'F'),(1786,'龙潭区',212,3,'F'),(1787,'丰满区',212,3,'F'),(1788,'蛟河市',212,3,'F'),(1789,'桦甸市',212,3,'F'),(1790,'舒兰市',212,3,'F'),(1791,'磐石市',212,3,'F'),(1792,'永吉县',212,3,'F'),(1793,'洮北区',213,3,'F'),(1794,'洮南市',213,3,'F'),(1795,'大安市',213,3,'F'),(1796,'镇赉县',213,3,'F'),(1797,'通榆县',213,3,'F'),(1798,'江源区',214,3,'F'),(1799,'八道江区',214,3,'F'),(1800,'长白',214,3,'F'),(1801,'临江市',214,3,'F'),(1802,'抚松县',214,3,'F'),(1803,'靖宇县',214,3,'F'),(1804,'龙山区',215,3,'F'),(1805,'西安区',215,3,'F'),(1806,'东丰县',215,3,'F'),(1807,'东辽县',215,3,'F'),(1808,'铁西区',216,3,'F'),(1809,'铁东区',216,3,'F'),(1810,'伊通',216,3,'F'),(1811,'公主岭市',216,3,'F'),(1812,'双辽市',216,3,'F'),(1813,'梨树县',216,3,'F'),(1814,'前郭尔罗斯',217,3,'F'),(1815,'宁江区',217,3,'F'),(1816,'长岭县',217,3,'F'),(1817,'乾安县',217,3,'F'),(1818,'扶余县',217,3,'F'),(1819,'东昌区',218,3,'F'),(1820,'二道江区',218,3,'F'),(1821,'梅河口市',218,3,'F'),(1822,'集安市',218,3,'F'),(1823,'通化县',218,3,'F'),(1824,'辉南县',218,3,'F'),(1825,'柳河县',218,3,'F'),(1826,'延吉市',219,3,'F'),(1827,'图们市',219,3,'F'),(1828,'敦化市',219,3,'F'),(1829,'珲春市',219,3,'F'),(1830,'龙井市',219,3,'F'),(1831,'和龙市',219,3,'F'),(1832,'安图县',219,3,'F'),(1833,'汪清县',219,3,'F'),(1834,'玄武区',220,3,'F'),(1835,'鼓楼区',220,3,'F'),(1836,'白下区',220,3,'F'),(1837,'建邺区',220,3,'F'),(1838,'秦淮区',220,3,'F'),(1839,'雨花台区',220,3,'F'),(1840,'下关区',220,3,'F'),(1841,'栖霞区',220,3,'F'),(1842,'浦口区',220,3,'F'),(1843,'江宁区',220,3,'F'),(1844,'六合区',220,3,'F'),(1845,'溧水县',220,3,'F'),(1846,'高淳县',220,3,'F'),(1847,'沧浪区',221,3,'F'),(1848,'金阊区',221,3,'F'),(1849,'平江区',221,3,'F'),(1850,'虎丘区',221,3,'F'),(1851,'吴中区',221,3,'F'),(1852,'相城区',221,3,'F'),(1853,'园区',221,3,'F'),(1854,'新区',221,3,'F'),(1855,'常熟市',221,3,'F'),(1856,'张家港市',221,3,'F'),(1857,'玉山镇',221,3,'F'),(1858,'巴城镇',221,3,'F'),(1859,'周市镇',221,3,'F'),(1860,'陆家镇',221,3,'F'),(1861,'花桥镇',221,3,'F'),(1862,'淀山湖镇',221,3,'F'),(1863,'张浦镇',221,3,'F'),(1864,'周庄镇',221,3,'F'),(1865,'千灯镇',221,3,'F'),(1866,'锦溪镇',221,3,'F'),(1867,'开发区',221,3,'F'),(1868,'吴江市',221,3,'F'),(1869,'太仓市',221,3,'F'),(1870,'崇安区',222,3,'F'),(1871,'北塘区',222,3,'F'),(1872,'南长区',222,3,'F'),(1873,'锡山区',222,3,'F'),(1874,'惠山区',222,3,'F'),(1875,'滨湖区',222,3,'F'),(1876,'新区',222,3,'F'),(1877,'江阴市',222,3,'F'),(1878,'宜兴市',222,3,'F'),(1879,'天宁区',223,3,'F'),(1880,'钟楼区',223,3,'F'),(1881,'戚墅堰区',223,3,'F'),(1882,'郊区',223,3,'F'),(1883,'新北区',223,3,'F'),(1884,'武进区',223,3,'F'),(1885,'溧阳市',223,3,'F'),(1886,'金坛市',223,3,'F'),(1887,'清河区',224,3,'F'),(1888,'清浦区',224,3,'F'),(1889,'楚州区',224,3,'F'),(1890,'淮阴区',224,3,'F'),(1891,'涟水县',224,3,'F'),(1892,'洪泽县',224,3,'F'),(1893,'盱眙县',224,3,'F'),(1894,'金湖县',224,3,'F'),(1895,'新浦区',225,3,'F'),(1896,'连云区',225,3,'F'),(1897,'海州区',225,3,'F'),(1898,'赣榆县',225,3,'F'),(1899,'东海县',225,3,'F'),(1900,'灌云县',225,3,'F'),(1901,'灌南县',225,3,'F'),(1902,'崇川区',226,3,'F'),(1903,'港闸区',226,3,'F'),(1904,'经济开发区',226,3,'F'),(1905,'启东市',226,3,'F'),(1906,'如皋市',226,3,'F'),(1907,'通州市',226,3,'F'),(1908,'海门市',226,3,'F'),(1909,'海安县',226,3,'F'),(1910,'如东县',226,3,'F'),(1911,'宿城区',227,3,'F'),(1912,'宿豫区',227,3,'F'),(1913,'宿豫县',227,3,'F'),(1914,'沭阳县',227,3,'F'),(1915,'泗阳县',227,3,'F'),(1916,'泗洪县',227,3,'F'),(1917,'海陵区',228,3,'F'),(1918,'高港区',228,3,'F'),(1919,'兴化市',228,3,'F'),(1920,'靖江市',228,3,'F'),(1921,'泰兴市',228,3,'F'),(1922,'姜堰市',228,3,'F'),(1923,'云龙区',229,3,'F'),(1924,'鼓楼区',229,3,'F'),(1925,'九里区',229,3,'F'),(1926,'贾汪区',229,3,'F'),(1927,'泉山区',229,3,'F'),(1928,'新沂市',229,3,'F'),(1929,'邳州市',229,3,'F'),(1930,'丰县',229,3,'F'),(1931,'沛县',229,3,'F'),(1932,'铜山县',229,3,'F'),(1933,'睢宁县',229,3,'F'),(1934,'城区',230,3,'F'),(1935,'亭湖区',230,3,'F'),(1936,'盐都区',230,3,'F'),(1937,'盐都县',230,3,'F'),(1938,'东台市',230,3,'F'),(1939,'大丰市',230,3,'F'),(1940,'响水县',230,3,'F'),(1941,'滨海县',230,3,'F'),(1942,'阜宁县',230,3,'F'),(1943,'射阳县',230,3,'F'),(1944,'建湖县',230,3,'F'),(1945,'广陵区',231,3,'F'),(1946,'维扬区',231,3,'F'),(1947,'邗江区',231,3,'F'),(1948,'仪征市',231,3,'F'),(1949,'高邮市',231,3,'F'),(1950,'江都市',231,3,'F'),(1951,'宝应县',231,3,'F'),(1952,'京口区',232,3,'F'),(1953,'润州区',232,3,'F'),(1954,'丹徒区',232,3,'F'),(1955,'丹阳市',232,3,'F'),(1956,'扬中市',232,3,'F'),(1957,'句容市',232,3,'F'),(1958,'东湖区',233,3,'F'),(1959,'西湖区',233,3,'F'),(1960,'青云谱区',233,3,'F'),(1961,'湾里区',233,3,'F'),(1962,'青山湖区',233,3,'F'),(1963,'红谷滩新区',233,3,'F'),(1964,'昌北区',233,3,'F'),(1965,'高新区',233,3,'F'),(1966,'南昌县',233,3,'F'),(1967,'新建县',233,3,'F'),(1968,'安义县',233,3,'F'),(1969,'进贤县',233,3,'F'),(1970,'临川区',234,3,'F'),(1971,'南城县',234,3,'F'),(1972,'黎川县',234,3,'F'),(1973,'南丰县',234,3,'F'),(1974,'崇仁县',234,3,'F'),(1975,'乐安县',234,3,'F'),(1976,'宜黄县',234,3,'F'),(1977,'金溪县',234,3,'F'),(1978,'资溪县',234,3,'F'),(1979,'东乡县',234,3,'F'),(1980,'广昌县',234,3,'F'),(1981,'章贡区',235,3,'F'),(1982,'于都县',235,3,'F'),(1983,'瑞金市',235,3,'F'),(1984,'南康市',235,3,'F'),(1985,'赣县',235,3,'F'),(1986,'信丰县',235,3,'F'),(1987,'大余县',235,3,'F'),(1988,'上犹县',235,3,'F'),(1989,'崇义县',235,3,'F'),(1990,'安远县',235,3,'F'),(1991,'龙南县',235,3,'F'),(1992,'定南县',235,3,'F'),(1993,'全南县',235,3,'F'),(1994,'宁都县',235,3,'F'),(1995,'兴国县',235,3,'F'),(1996,'会昌县',235,3,'F'),(1997,'寻乌县',235,3,'F'),(1998,'石城县',235,3,'F'),(1999,'安福县',236,3,'F'),(2000,'吉州区',236,3,'F'),(2001,'青原区',236,3,'F'),(2002,'井冈山市',236,3,'F'),(2003,'吉安县',236,3,'F'),(2004,'吉水县',236,3,'F'),(2005,'峡江县',236,3,'F'),(2006,'新干县',236,3,'F'),(2007,'永丰县',236,3,'F'),(2008,'泰和县',236,3,'F'),(2009,'遂川县',236,3,'F'),(2010,'万安县',236,3,'F'),(2011,'永新县',236,3,'F'),(2012,'珠山区',237,3,'F'),(2013,'昌江区',237,3,'F'),(2014,'乐平市',237,3,'F'),(2015,'浮梁县',237,3,'F'),(2016,'浔阳区',238,3,'F'),(2017,'庐山区',238,3,'F'),(2018,'瑞昌市',238,3,'F'),(2019,'九江县',238,3,'F'),(2020,'武宁县',238,3,'F'),(2021,'修水县',238,3,'F'),(2022,'永修县',238,3,'F'),(2023,'德安县',238,3,'F'),(2024,'星子县',238,3,'F'),(2025,'都昌县',238,3,'F'),(2026,'湖口县',238,3,'F'),(2027,'彭泽县',238,3,'F'),(2028,'安源区',239,3,'F'),(2029,'湘东区',239,3,'F'),(2030,'莲花县',239,3,'F'),(2031,'芦溪县',239,3,'F'),(2032,'上栗县',239,3,'F'),(2033,'信州区',240,3,'F'),(2034,'德兴市',240,3,'F'),(2035,'上饶县',240,3,'F'),(2036,'广丰县',240,3,'F'),(2037,'玉山县',240,3,'F'),(2038,'铅山县',240,3,'F'),(2039,'横峰县',240,3,'F'),(2040,'弋阳县',240,3,'F'),(2041,'余干县',240,3,'F'),(2042,'波阳县',240,3,'F'),(2043,'万年县',240,3,'F'),(2044,'婺源县',240,3,'F'),(2045,'渝水区',241,3,'F'),(2046,'分宜县',241,3,'F'),(2047,'袁州区',242,3,'F'),(2048,'丰城市',242,3,'F'),(2049,'樟树市',242,3,'F'),(2050,'高安市',242,3,'F'),(2051,'奉新县',242,3,'F'),(2052,'万载县',242,3,'F'),(2053,'上高县',242,3,'F'),(2054,'宜丰县',242,3,'F'),(2055,'靖安县',242,3,'F'),(2056,'铜鼓县',242,3,'F'),(2057,'月湖区',243,3,'F'),(2058,'贵溪市',243,3,'F'),(2059,'余江县',243,3,'F'),(2060,'沈河区',244,3,'F'),(2061,'皇姑区',244,3,'F'),(2062,'和平区',244,3,'F'),(2063,'大东区',244,3,'F'),(2064,'铁西区',244,3,'F'),(2065,'苏家屯区',244,3,'F'),(2066,'东陵区',244,3,'F'),(2067,'沈北新区',244,3,'F'),(2068,'于洪区',244,3,'F'),(2069,'浑南新区',244,3,'F'),(2070,'新民市',244,3,'F'),(2071,'辽中县',244,3,'F'),(2072,'康平县',244,3,'F'),(2073,'法库县',244,3,'F'),(2074,'西岗区',245,3,'F'),(2075,'中山区',245,3,'F'),(2076,'沙河口区',245,3,'F'),(2077,'甘井子区',245,3,'F'),(2078,'旅顺口区',245,3,'F'),(2079,'金州区',245,3,'F'),(2080,'开发区',245,3,'F'),(2081,'瓦房店市',245,3,'F'),(2082,'普兰店市',245,3,'F'),(2083,'庄河市',245,3,'F'),(2084,'长海县',245,3,'F'),(2085,'铁东区',246,3,'F'),(2086,'铁西区',246,3,'F'),(2087,'立山区',246,3,'F'),(2088,'千山区',246,3,'F'),(2089,'岫岩',246,3,'F'),(2090,'海城市',246,3,'F'),(2091,'台安县',246,3,'F'),(2092,'本溪',247,3,'F'),(2093,'平山区',247,3,'F'),(2094,'明山区',247,3,'F'),(2095,'溪湖区',247,3,'F'),(2096,'南芬区',247,3,'F'),(2097,'桓仁',247,3,'F'),(2098,'双塔区',248,3,'F'),(2099,'龙城区',248,3,'F'),(2100,'喀喇沁左翼蒙古族自治县',248,3,'F'),(2101,'北票市',248,3,'F'),(2102,'凌源市',248,3,'F'),(2103,'朝阳县',248,3,'F'),(2104,'建平县',248,3,'F'),(2105,'振兴区',249,3,'F'),(2106,'元宝区',249,3,'F'),(2107,'振安区',249,3,'F'),(2108,'宽甸',249,3,'F'),(2109,'东港市',249,3,'F'),(2110,'凤城市',249,3,'F'),(2111,'顺城区',250,3,'F'),(2112,'新抚区',250,3,'F'),(2113,'东洲区',250,3,'F'),(2114,'望花区',250,3,'F'),(2115,'清原',250,3,'F'),(2116,'新宾',250,3,'F'),(2117,'抚顺县',250,3,'F'),(2118,'阜新',251,3,'F'),(2119,'海州区',251,3,'F'),(2120,'新邱区',251,3,'F'),(2121,'太平区',251,3,'F'),(2122,'清河门区',251,3,'F'),(2123,'细河区',251,3,'F'),(2124,'彰武县',251,3,'F'),(2125,'龙港区',252,3,'F'),(2126,'南票区',252,3,'F'),(2127,'连山区',252,3,'F'),(2128,'兴城市',252,3,'F'),(2129,'绥中县',252,3,'F'),(2130,'建昌县',252,3,'F'),(2131,'太和区',253,3,'F'),(2132,'古塔区',253,3,'F'),(2133,'凌河区',253,3,'F'),(2134,'凌海市',253,3,'F'),(2135,'北镇市',253,3,'F'),(2136,'黑山县',253,3,'F'),(2137,'义县',253,3,'F'),(2138,'白塔区',254,3,'F'),(2139,'文圣区',254,3,'F'),(2140,'宏伟区',254,3,'F'),(2141,'太子河区',254,3,'F'),(2142,'弓长岭区',254,3,'F'),(2143,'灯塔市',254,3,'F'),(2144,'辽阳县',254,3,'F'),(2145,'双台子区',255,3,'F'),(2146,'兴隆台区',255,3,'F'),(2147,'大洼县',255,3,'F'),(2148,'盘山县',255,3,'F'),(2149,'银州区',256,3,'F'),(2150,'清河区',256,3,'F'),(2151,'调兵山市',256,3,'F'),(2152,'开原市',256,3,'F'),(2153,'铁岭县',256,3,'F'),(2154,'西丰县',256,3,'F'),(2155,'昌图县',256,3,'F'),(2156,'站前区',257,3,'F'),(2157,'西市区',257,3,'F'),(2158,'鲅鱼圈区',257,3,'F'),(2159,'老边区',257,3,'F'),(2160,'盖州市',257,3,'F'),(2161,'大石桥市',257,3,'F'),(2162,'回民区',258,3,'F'),(2163,'玉泉区',258,3,'F'),(2164,'新城区',258,3,'F'),(2165,'赛罕区',258,3,'F'),(2166,'清水河县',258,3,'F'),(2167,'土默特左旗',258,3,'F'),(2168,'托克托县',258,3,'F'),(2169,'和林格尔县',258,3,'F'),(2170,'武川县',258,3,'F'),(2171,'阿拉善左旗',259,3,'F'),(2172,'阿拉善右旗',259,3,'F'),(2173,'额济纳旗',259,3,'F'),(2174,'临河区',260,3,'F'),(2175,'五原县',260,3,'F'),(2176,'磴口县',260,3,'F'),(2177,'乌拉特前旗',260,3,'F'),(2178,'乌拉特中旗',260,3,'F'),(2179,'乌拉特后旗',260,3,'F'),(2180,'杭锦后旗',260,3,'F'),(2181,'昆都仑区',261,3,'F'),(2182,'青山区',261,3,'F'),(2183,'东河区',261,3,'F'),(2184,'九原区',261,3,'F'),(2185,'石拐区',261,3,'F'),(2186,'白云矿区',261,3,'F'),(2187,'土默特右旗',261,3,'F'),(2188,'固阳县',261,3,'F'),(2189,'达尔罕茂明安联合旗',261,3,'F'),(2190,'红山区',262,3,'F'),(2191,'元宝山区',262,3,'F'),(2192,'松山区',262,3,'F'),(2193,'阿鲁科尔沁旗',262,3,'F'),(2194,'巴林左旗',262,3,'F'),(2195,'巴林右旗',262,3,'F'),(2196,'林西县',262,3,'F'),(2197,'克什克腾旗',262,3,'F'),(2198,'翁牛特旗',262,3,'F'),(2199,'喀喇沁旗',262,3,'F'),(2200,'宁城县',262,3,'F'),(2201,'敖汉旗',262,3,'F'),(2202,'东胜区',263,3,'F'),(2203,'达拉特旗',263,3,'F'),(2204,'准格尔旗',263,3,'F'),(2205,'鄂托克前旗',263,3,'F'),(2206,'鄂托克旗',263,3,'F'),(2207,'杭锦旗',263,3,'F'),(2208,'乌审旗',263,3,'F'),(2209,'伊金霍洛旗',263,3,'F'),(2210,'海拉尔区',264,3,'F'),(2211,'莫力达瓦',264,3,'F'),(2212,'满洲里市',264,3,'F'),(2213,'牙克石市',264,3,'F'),(2214,'扎兰屯市',264,3,'F'),(2215,'额尔古纳市',264,3,'F'),(2216,'根河市',264,3,'F'),(2217,'阿荣旗',264,3,'F'),(2218,'鄂伦春自治旗',264,3,'F'),(2219,'鄂温克族自治旗',264,3,'F'),(2220,'陈巴尔虎旗',264,3,'F'),(2221,'新巴尔虎左旗',264,3,'F'),(2222,'新巴尔虎右旗',264,3,'F'),(2223,'科尔沁区',265,3,'F'),(2224,'霍林郭勒市',265,3,'F'),(2225,'科尔沁左翼中旗',265,3,'F'),(2226,'科尔沁左翼后旗',265,3,'F'),(2227,'开鲁县',265,3,'F'),(2228,'库伦旗',265,3,'F'),(2229,'奈曼旗',265,3,'F'),(2230,'扎鲁特旗',265,3,'F'),(2231,'海勃湾区',266,3,'F'),(2232,'乌达区',266,3,'F'),(2233,'海南区',266,3,'F'),(2234,'化德县',267,3,'F'),(2235,'集宁区',267,3,'F'),(2236,'丰镇市',267,3,'F'),(2237,'卓资县',267,3,'F'),(2238,'商都县',267,3,'F'),(2239,'兴和县',267,3,'F'),(2240,'凉城县',267,3,'F'),(2241,'察哈尔右翼前旗',267,3,'F'),(2242,'察哈尔右翼中旗',267,3,'F'),(2243,'察哈尔右翼后旗',267,3,'F'),(2244,'四子王旗',267,3,'F'),(2245,'二连浩特市',268,3,'F'),(2246,'锡林浩特市',268,3,'F'),(2247,'阿巴嘎旗',268,3,'F'),(2248,'苏尼特左旗',268,3,'F'),(2249,'苏尼特右旗',268,3,'F'),(2250,'东乌珠穆沁旗',268,3,'F'),(2251,'西乌珠穆沁旗',268,3,'F'),(2252,'太仆寺旗',268,3,'F'),(2253,'镶黄旗',268,3,'F'),(2254,'正镶白旗',268,3,'F'),(2255,'正蓝旗',268,3,'F'),(2256,'多伦县',268,3,'F'),(2257,'乌兰浩特市',269,3,'F'),(2258,'阿尔山市',269,3,'F'),(2259,'科尔沁右翼前旗',269,3,'F'),(2260,'科尔沁右翼中旗',269,3,'F'),(2261,'扎赉特旗',269,3,'F'),(2262,'突泉县',269,3,'F'),(2263,'西夏区',270,3,'F'),(2264,'金凤区',270,3,'F'),(2265,'兴庆区',270,3,'F'),(2266,'灵武市',270,3,'F'),(2267,'永宁县',270,3,'F'),(2268,'贺兰县',270,3,'F'),(2269,'原州区',271,3,'F'),(2270,'海原县',271,3,'F'),(2271,'西吉县',271,3,'F'),(2272,'隆德县',271,3,'F'),(2273,'泾源县',271,3,'F'),(2274,'彭阳县',271,3,'F'),(2275,'惠农县',272,3,'F'),(2276,'大武口区',272,3,'F'),(2277,'惠农区',272,3,'F'),(2278,'陶乐县',272,3,'F'),(2279,'平罗县',272,3,'F'),(2280,'利通区',273,3,'F'),(2281,'中卫县',273,3,'F'),(2282,'青铜峡市',273,3,'F'),(2283,'中宁县',273,3,'F'),(2284,'盐池县',273,3,'F'),(2285,'同心县',273,3,'F'),(2286,'沙坡头区',274,3,'F'),(2287,'海原县',274,3,'F'),(2288,'中宁县',274,3,'F'),(2289,'城中区',275,3,'F'),(2290,'城东区',275,3,'F'),(2291,'城西区',275,3,'F'),(2292,'城北区',275,3,'F'),(2293,'湟中县',275,3,'F'),(2294,'湟源县',275,3,'F'),(2295,'大通',275,3,'F'),(2296,'玛沁县',276,3,'F'),(2297,'班玛县',276,3,'F'),(2298,'甘德县',276,3,'F'),(2299,'达日县',276,3,'F'),(2300,'久治县',276,3,'F'),(2301,'玛多县',276,3,'F'),(2302,'海晏县',277,3,'F'),(2303,'祁连县',277,3,'F'),(2304,'刚察县',277,3,'F'),(2305,'门源',277,3,'F'),(2306,'平安县',278,3,'F'),(2307,'乐都县',278,3,'F'),(2308,'民和',278,3,'F'),(2309,'互助',278,3,'F'),(2310,'化隆',278,3,'F'),(2311,'循化',278,3,'F'),(2312,'共和县',279,3,'F'),(2313,'同德县',279,3,'F'),(2314,'贵德县',279,3,'F'),(2315,'兴海县',279,3,'F'),(2316,'贵南县',279,3,'F'),(2317,'德令哈市',280,3,'F'),(2318,'格尔木市',280,3,'F'),(2319,'乌兰县',280,3,'F'),(2320,'都兰县',280,3,'F'),(2321,'天峻县',280,3,'F'),(2322,'同仁县',281,3,'F'),(2323,'尖扎县',281,3,'F'),(2324,'泽库县',281,3,'F'),(2325,'河南蒙古族自治县',281,3,'F'),(2326,'玉树县',282,3,'F'),(2327,'杂多县',282,3,'F'),(2328,'称多县',282,3,'F'),(2329,'治多县',282,3,'F'),(2330,'囊谦县',282,3,'F'),(2331,'曲麻莱县',282,3,'F'),(2332,'市中区',283,3,'F'),(2333,'历下区',283,3,'F'),(2334,'天桥区',283,3,'F'),(2335,'槐荫区',283,3,'F'),(2336,'历城区',283,3,'F'),(2337,'长清区',283,3,'F'),(2338,'章丘市',283,3,'F'),(2339,'平阴县',283,3,'F'),(2340,'济阳县',283,3,'F'),(2341,'商河县',283,3,'F'),(2342,'市南区',284,3,'F'),(2343,'市北区',284,3,'F'),(2344,'城阳区',284,3,'F'),(2345,'四方区',284,3,'F'),(2346,'李沧区',284,3,'F'),(2347,'黄岛区',284,3,'F'),(2348,'崂山区',284,3,'F'),(2349,'胶州市',284,3,'F'),(2350,'即墨市',284,3,'F'),(2351,'平度市',284,3,'F'),(2352,'胶南市',284,3,'F'),(2353,'莱西市',284,3,'F'),(2354,'滨城区',285,3,'F'),(2355,'惠民县',285,3,'F'),(2356,'阳信县',285,3,'F'),(2357,'无棣县',285,3,'F'),(2358,'沾化县',285,3,'F'),(2359,'博兴县',285,3,'F'),(2360,'邹平县',285,3,'F'),(2361,'德城区',286,3,'F'),(2362,'陵县',286,3,'F'),(2363,'乐陵市',286,3,'F'),(2364,'禹城市',286,3,'F'),(2365,'宁津县',286,3,'F'),(2366,'庆云县',286,3,'F'),(2367,'临邑县',286,3,'F'),(2368,'齐河县',286,3,'F'),(2369,'平原县',286,3,'F'),(2370,'夏津县',286,3,'F'),(2371,'武城县',286,3,'F'),(2372,'东营区',287,3,'F'),(2373,'河口区',287,3,'F'),(2374,'垦利县',287,3,'F'),(2375,'利津县',287,3,'F'),(2376,'广饶县',287,3,'F'),(2377,'牡丹区',288,3,'F'),(2378,'曹县',288,3,'F'),(2379,'单县',288,3,'F'),(2380,'成武县',288,3,'F'),(2381,'巨野县',288,3,'F'),(2382,'郓城县',288,3,'F'),(2383,'鄄城县',288,3,'F'),(2384,'定陶县',288,3,'F'),(2385,'东明县',288,3,'F'),(2386,'市中区',289,3,'F'),(2387,'任城区',289,3,'F'),(2388,'曲阜市',289,3,'F'),(2389,'兖州市',289,3,'F'),(2390,'邹城市',289,3,'F'),(2391,'微山县',289,3,'F'),(2392,'鱼台县',289,3,'F'),(2393,'金乡县',289,3,'F'),(2394,'嘉祥县',289,3,'F'),(2395,'汶上县',289,3,'F'),(2396,'泗水县',289,3,'F'),(2397,'梁山县',289,3,'F'),(2398,'莱城区',290,3,'F'),(2399,'钢城区',290,3,'F'),(2400,'东昌府区',291,3,'F'),(2401,'临清市',291,3,'F'),(2402,'阳谷县',291,3,'F'),(2403,'莘县',291,3,'F'),(2404,'茌平县',291,3,'F'),(2405,'东阿县',291,3,'F'),(2406,'冠县',291,3,'F'),(2407,'高唐县',291,3,'F'),(2408,'兰山区',292,3,'F'),(2409,'罗庄区',292,3,'F'),(2410,'河东区',292,3,'F'),(2411,'沂南县',292,3,'F'),(2412,'郯城县',292,3,'F'),(2413,'沂水县',292,3,'F'),(2414,'苍山县',292,3,'F'),(2415,'费县',292,3,'F'),(2416,'平邑县',292,3,'F'),(2417,'莒南县',292,3,'F'),(2418,'蒙阴县',292,3,'F'),(2419,'临沭县',292,3,'F'),(2420,'东港区',293,3,'F'),(2421,'岚山区',293,3,'F'),(2422,'五莲县',293,3,'F'),(2423,'莒县',293,3,'F'),(2424,'泰山区',294,3,'F'),(2425,'岱岳区',294,3,'F'),(2426,'新泰市',294,3,'F'),(2427,'肥城市',294,3,'F'),(2428,'宁阳县',294,3,'F'),(2429,'东平县',294,3,'F'),(2430,'荣成市',295,3,'F'),(2431,'乳山市',295,3,'F'),(2432,'环翠区',295,3,'F'),(2433,'文登市',295,3,'F'),(2434,'潍城区',296,3,'F'),(2435,'寒亭区',296,3,'F'),(2436,'坊子区',296,3,'F'),(2437,'奎文区',296,3,'F'),(2438,'青州市',296,3,'F'),(2439,'诸城市',296,3,'F'),(2440,'寿光市',296,3,'F'),(2441,'安丘市',296,3,'F'),(2442,'高密市',296,3,'F'),(2443,'昌邑市',296,3,'F'),(2444,'临朐县',296,3,'F'),(2445,'昌乐县',296,3,'F'),(2446,'芝罘区',297,3,'F'),(2447,'福山区',297,3,'F'),(2448,'牟平区',297,3,'F'),(2449,'莱山区',297,3,'F'),(2450,'开发区',297,3,'F'),(2451,'龙口市',297,3,'F'),(2452,'莱阳市',297,3,'F'),(2453,'莱州市',297,3,'F'),(2454,'蓬莱市',297,3,'F'),(2455,'招远市',297,3,'F'),(2456,'栖霞市',297,3,'F'),(2457,'海阳市',297,3,'F'),(2458,'长岛县',297,3,'F'),(2459,'市中区',298,3,'F'),(2460,'山亭区',298,3,'F'),(2461,'峄城区',298,3,'F'),(2462,'台儿庄区',298,3,'F'),(2463,'薛城区',298,3,'F'),(2464,'滕州市',298,3,'F'),(2465,'张店区',299,3,'F'),(2466,'临淄区',299,3,'F'),(2467,'淄川区',299,3,'F'),(2468,'博山区',299,3,'F'),(2469,'周村区',299,3,'F'),(2470,'桓台县',299,3,'F'),(2471,'高青县',299,3,'F'),(2472,'沂源县',299,3,'F'),(2473,'杏花岭区',300,3,'F'),(2474,'小店区',300,3,'F'),(2475,'迎泽区',300,3,'F'),(2476,'尖草坪区',300,3,'F'),(2477,'万柏林区',300,3,'F'),(2478,'晋源区',300,3,'F'),(2479,'高新开发区',300,3,'F'),(2480,'民营经济开发区',300,3,'F'),(2481,'经济技术开发区',300,3,'F'),(2482,'清徐县',300,3,'F'),(2483,'阳曲县',300,3,'F'),(2484,'娄烦县',300,3,'F'),(2485,'古交市',300,3,'F'),(2486,'城区',301,3,'F'),(2487,'郊区',301,3,'F'),(2488,'沁县',301,3,'F'),(2489,'潞城市',301,3,'F'),(2490,'长治县',301,3,'F'),(2491,'襄垣县',301,3,'F'),(2492,'屯留县',301,3,'F'),(2493,'平顺县',301,3,'F'),(2494,'黎城县',301,3,'F'),(2495,'壶关县',301,3,'F'),(2496,'长子县',301,3,'F'),(2497,'武乡县',301,3,'F'),(2498,'沁源县',301,3,'F'),(2499,'城区',302,3,'F'),(2500,'矿区',302,3,'F'),(2501,'南郊区',302,3,'F'),(2502,'新荣区',302,3,'F'),(2503,'阳高县',302,3,'F'),(2504,'天镇县',302,3,'F'),(2505,'广灵县',302,3,'F'),(2506,'灵丘县',302,3,'F'),(2507,'浑源县',302,3,'F'),(2508,'左云县',302,3,'F'),(2509,'大同县',302,3,'F'),(2510,'城区',303,3,'F'),(2511,'高平市',303,3,'F'),(2512,'沁水县',303,3,'F'),(2513,'阳城县',303,3,'F'),(2514,'陵川县',303,3,'F'),(2515,'泽州县',303,3,'F'),(2516,'榆次区',304,3,'F'),(2517,'介休市',304,3,'F'),(2518,'榆社县',304,3,'F'),(2519,'左权县',304,3,'F'),(2520,'和顺县',304,3,'F'),(2521,'昔阳县',304,3,'F'),(2522,'寿阳县',304,3,'F'),(2523,'太谷县',304,3,'F'),(2524,'祁县',304,3,'F'),(2525,'平遥县',304,3,'F'),(2526,'灵石县',304,3,'F'),(2527,'尧都区',305,3,'F'),(2528,'侯马市',305,3,'F'),(2529,'霍州市',305,3,'F'),(2530,'曲沃县',305,3,'F'),(2531,'翼城县',305,3,'F'),(2532,'襄汾县',305,3,'F'),(2533,'洪洞县',305,3,'F'),(2534,'吉县',305,3,'F'),(2535,'安泽县',305,3,'F'),(2536,'浮山县',305,3,'F'),(2537,'古县',305,3,'F'),(2538,'乡宁县',305,3,'F'),(2539,'大宁县',305,3,'F'),(2540,'隰县',305,3,'F'),(2541,'永和县',305,3,'F'),(2542,'蒲县',305,3,'F'),(2543,'汾西县',305,3,'F'),(2544,'离石市',306,3,'F'),(2545,'离石区',306,3,'F'),(2546,'孝义市',306,3,'F'),(2547,'汾阳市',306,3,'F'),(2548,'文水县',306,3,'F'),(2549,'交城县',306,3,'F'),(2550,'兴县',306,3,'F'),(2551,'临县',306,3,'F'),(2552,'柳林县',306,3,'F'),(2553,'石楼县',306,3,'F'),(2554,'岚县',306,3,'F'),(2555,'方山县',306,3,'F'),(2556,'中阳县',306,3,'F'),(2557,'交口县',306,3,'F'),(2558,'朔城区',307,3,'F'),(2559,'平鲁区',307,3,'F'),(2560,'山阴县',307,3,'F'),(2561,'应县',307,3,'F'),(2562,'右玉县',307,3,'F'),(2563,'怀仁县',307,3,'F'),(2564,'忻府区',308,3,'F'),(2565,'原平市',308,3,'F'),(2566,'定襄县',308,3,'F'),(2567,'五台县',308,3,'F'),(2568,'代县',308,3,'F'),(2569,'繁峙县',308,3,'F'),(2570,'宁武县',308,3,'F'),(2571,'静乐县',308,3,'F'),(2572,'神池县',308,3,'F'),(2573,'五寨县',308,3,'F'),(2574,'岢岚县',308,3,'F'),(2575,'河曲县',308,3,'F'),(2576,'保德县',308,3,'F'),(2577,'偏关县',308,3,'F'),(2578,'城区',309,3,'F'),(2579,'矿区',309,3,'F'),(2580,'郊区',309,3,'F'),(2581,'平定县',309,3,'F'),(2582,'盂县',309,3,'F'),(2583,'盐湖区',310,3,'F'),(2584,'永济市',310,3,'F'),(2585,'河津市',310,3,'F'),(2586,'临猗县',310,3,'F'),(2587,'万荣县',310,3,'F'),(2588,'闻喜县',310,3,'F'),(2589,'稷山县',310,3,'F'),(2590,'新绛县',310,3,'F'),(2591,'绛县',310,3,'F'),(2592,'垣曲县',310,3,'F'),(2593,'夏县',310,3,'F'),(2594,'平陆县',310,3,'F'),(2595,'芮城县',310,3,'F'),(2596,'莲湖区',311,3,'F'),(2597,'新城区',311,3,'F'),(2598,'碑林区',311,3,'F'),(2599,'雁塔区',311,3,'F'),(2600,'灞桥区',311,3,'F'),(2601,'未央区',311,3,'F'),(2602,'阎良区',311,3,'F'),(2603,'临潼区',311,3,'F'),(2604,'长安区',311,3,'F'),(2605,'蓝田县',311,3,'F'),(2606,'周至县',311,3,'F'),(2607,'户县',311,3,'F'),(2608,'高陵县',311,3,'F'),(2609,'汉滨区',312,3,'F'),(2610,'汉阴县',312,3,'F'),(2611,'石泉县',312,3,'F'),(2612,'宁陕县',312,3,'F'),(2613,'紫阳县',312,3,'F'),(2614,'岚皋县',312,3,'F'),(2615,'平利县',312,3,'F'),(2616,'镇坪县',312,3,'F'),(2617,'旬阳县',312,3,'F'),(2618,'白河县',312,3,'F'),(2619,'陈仓区',313,3,'F'),(2620,'渭滨区',313,3,'F'),(2621,'金台区',313,3,'F'),(2622,'凤翔县',313,3,'F'),(2623,'岐山县',313,3,'F'),(2624,'扶风县',313,3,'F'),(2625,'眉县',313,3,'F'),(2626,'陇县',313,3,'F'),(2627,'千阳县',313,3,'F'),(2628,'麟游县',313,3,'F'),(2629,'凤县',313,3,'F'),(2630,'太白县',313,3,'F'),(2631,'汉台区',314,3,'F'),(2632,'南郑县',314,3,'F'),(2633,'城固县',314,3,'F'),(2634,'洋县',314,3,'F'),(2635,'西乡县',314,3,'F'),(2636,'勉县',314,3,'F'),(2637,'宁强县',314,3,'F'),(2638,'略阳县',314,3,'F'),(2639,'镇巴县',314,3,'F'),(2640,'留坝县',314,3,'F'),(2641,'佛坪县',314,3,'F'),(2642,'商州区',315,3,'F'),(2643,'洛南县',315,3,'F'),(2644,'丹凤县',315,3,'F'),(2645,'商南县',315,3,'F'),(2646,'山阳县',315,3,'F'),(2647,'镇安县',315,3,'F'),(2648,'柞水县',315,3,'F'),(2649,'耀州区',316,3,'F'),(2650,'王益区',316,3,'F'),(2651,'印台区',316,3,'F'),(2652,'宜君县',316,3,'F'),(2653,'临渭区',317,3,'F'),(2654,'韩城市',317,3,'F'),(2655,'华阴市',317,3,'F'),(2656,'华县',317,3,'F'),(2657,'潼关县',317,3,'F'),(2658,'大荔县',317,3,'F'),(2659,'合阳县',317,3,'F'),(2660,'澄城县',317,3,'F'),(2661,'蒲城县',317,3,'F'),(2662,'白水县',317,3,'F'),(2663,'富平县',317,3,'F'),(2664,'秦都区',318,3,'F'),(2665,'渭城区',318,3,'F'),(2666,'杨陵区',318,3,'F'),(2667,'兴平市',318,3,'F'),(2668,'三原县',318,3,'F'),(2669,'泾阳县',318,3,'F'),(2670,'乾县',318,3,'F'),(2671,'礼泉县',318,3,'F'),(2672,'永寿县',318,3,'F'),(2673,'彬县',318,3,'F'),(2674,'长武县',318,3,'F'),(2675,'旬邑县',318,3,'F'),(2676,'淳化县',318,3,'F'),(2677,'武功县',318,3,'F'),(2678,'吴起县',319,3,'F'),(2679,'宝塔区',319,3,'F'),(2680,'延长县',319,3,'F'),(2681,'延川县',319,3,'F'),(2682,'子长县',319,3,'F'),(2683,'安塞县',319,3,'F'),(2684,'志丹县',319,3,'F'),(2685,'甘泉县',319,3,'F'),(2686,'富县',319,3,'F'),(2687,'洛川县',319,3,'F'),(2688,'宜川县',319,3,'F'),(2689,'黄龙县',319,3,'F'),(2690,'黄陵县',319,3,'F'),(2691,'榆阳区',320,3,'F'),(2692,'神木县',320,3,'F'),(2693,'府谷县',320,3,'F'),(2694,'横山县',320,3,'F'),(2695,'靖边县',320,3,'F'),(2696,'定边县',320,3,'F'),(2697,'绥德县',320,3,'F'),(2698,'米脂县',320,3,'F'),(2699,'佳县',320,3,'F'),(2700,'吴堡县',320,3,'F'),(2701,'清涧县',320,3,'F'),(2702,'子洲县',320,3,'F'),(2703,'长宁区',321,3,'F'),(2704,'闸北区',321,3,'F'),(2705,'闵行区',321,3,'F'),(2706,'徐汇区',321,3,'F'),(2707,'浦东新区',321,3,'F'),(2708,'杨浦区',321,3,'F'),(2709,'普陀区',321,3,'F'),(2710,'静安区',321,3,'F'),(2711,'卢湾区',321,3,'F'),(2712,'虹口区',321,3,'F'),(2713,'黄浦区',321,3,'F'),(2714,'南汇区',321,3,'F'),(2715,'松江区',321,3,'F'),(2716,'嘉定区',321,3,'F'),(2717,'宝山区',321,3,'F'),(2718,'青浦区',321,3,'F'),(2719,'金山区',321,3,'F'),(2720,'奉贤区',321,3,'F'),(2721,'崇明县',321,3,'F'),(2722,'青羊区',322,3,'F'),(2723,'锦江区',322,3,'F'),(2724,'金牛区',322,3,'F'),(2725,'武侯区',322,3,'F'),(2726,'成华区',322,3,'F'),(2727,'龙泉驿区',322,3,'F'),(2728,'青白江区',322,3,'F'),(2729,'新都区',322,3,'F'),(2730,'温江区',322,3,'F'),(2731,'高新区',322,3,'F'),(2732,'高新西区',322,3,'F'),(2733,'都江堰市',322,3,'F'),(2734,'彭州市',322,3,'F'),(2735,'邛崃市',322,3,'F'),(2736,'崇州市',322,3,'F'),(2737,'金堂县',322,3,'F'),(2738,'双流县',322,3,'F'),(2739,'郫县',322,3,'F'),(2740,'大邑县',322,3,'F'),(2741,'蒲江县',322,3,'F'),(2742,'新津县',322,3,'F'),(2743,'都江堰市',322,3,'F'),(2744,'彭州市',322,3,'F'),(2745,'邛崃市',322,3,'F'),(2746,'崇州市',322,3,'F'),(2747,'金堂县',322,3,'F'),(2748,'双流县',322,3,'F'),(2749,'郫县',322,3,'F'),(2750,'大邑县',322,3,'F'),(2751,'蒲江县',322,3,'F'),(2752,'新津县',322,3,'F'),(2753,'涪城区',323,3,'F'),(2754,'游仙区',323,3,'F'),(2755,'江油市',323,3,'F'),(2756,'盐亭县',323,3,'F'),(2757,'三台县',323,3,'F'),(2758,'平武县',323,3,'F'),(2759,'安县',323,3,'F'),(2760,'梓潼县',323,3,'F'),(2761,'北川县',323,3,'F'),(2762,'马尔康县',324,3,'F'),(2763,'汶川县',324,3,'F'),(2764,'理县',324,3,'F'),(2765,'茂县',324,3,'F'),(2766,'松潘县',324,3,'F'),(2767,'九寨沟县',324,3,'F'),(2768,'金川县',324,3,'F'),(2769,'小金县',324,3,'F'),(2770,'黑水县',324,3,'F'),(2771,'壤塘县',324,3,'F'),(2772,'阿坝县',324,3,'F'),(2773,'若尔盖县',324,3,'F'),(2774,'红原县',324,3,'F'),(2775,'巴州区',325,3,'F'),(2776,'通江县',325,3,'F'),(2777,'南江县',325,3,'F'),(2778,'平昌县',325,3,'F'),(2779,'通川区',326,3,'F'),(2780,'万源市',326,3,'F'),(2781,'达县',326,3,'F'),(2782,'宣汉县',326,3,'F'),(2783,'开江县',326,3,'F'),(2784,'大竹县',326,3,'F'),(2785,'渠县',326,3,'F'),(2786,'旌阳区',327,3,'F'),(2787,'广汉市',327,3,'F'),(2788,'什邡市',327,3,'F'),(2789,'绵竹市',327,3,'F'),(2790,'罗江县',327,3,'F'),(2791,'中江县',327,3,'F'),(2792,'康定县',328,3,'F'),(2793,'丹巴县',328,3,'F'),(2794,'泸定县',328,3,'F'),(2795,'炉霍县',328,3,'F'),(2796,'九龙县',328,3,'F'),(2797,'甘孜县',328,3,'F'),(2798,'雅江县',328,3,'F'),(2799,'新龙县',328,3,'F'),(2800,'道孚县',328,3,'F'),(2801,'白玉县',328,3,'F'),(2802,'理塘县',328,3,'F'),(2803,'德格县',328,3,'F'),(2804,'乡城县',328,3,'F'),(2805,'石渠县',328,3,'F'),(2806,'稻城县',328,3,'F'),(2807,'色达县',328,3,'F'),(2808,'巴塘县',328,3,'F'),(2809,'得荣县',328,3,'F'),(2810,'广安区',329,3,'F'),(2811,'华蓥市',329,3,'F'),(2812,'岳池县',329,3,'F'),(2813,'武胜县',329,3,'F'),(2814,'邻水县',329,3,'F'),(2815,'利州区',330,3,'F'),(2816,'元坝区',330,3,'F'),(2817,'朝天区',330,3,'F'),(2818,'旺苍县',330,3,'F'),(2819,'青川县',330,3,'F'),(2820,'剑阁县',330,3,'F'),(2821,'苍溪县',330,3,'F'),(2822,'峨眉山市',331,3,'F'),(2823,'乐山市',331,3,'F'),(2824,'犍为县',331,3,'F'),(2825,'井研县',331,3,'F'),(2826,'夹江县',331,3,'F'),(2827,'沐川县',331,3,'F'),(2828,'峨边',331,3,'F'),(2829,'马边',331,3,'F'),(2830,'西昌市',332,3,'F'),(2831,'盐源县',332,3,'F'),(2832,'德昌县',332,3,'F'),(2833,'会理县',332,3,'F'),(2834,'会东县',332,3,'F'),(2835,'宁南县',332,3,'F'),(2836,'普格县',332,3,'F'),(2837,'布拖县',332,3,'F'),(2838,'金阳县',332,3,'F'),(2839,'昭觉县',332,3,'F'),(2840,'喜德县',332,3,'F'),(2841,'冕宁县',332,3,'F'),(2842,'越西县',332,3,'F'),(2843,'甘洛县',332,3,'F'),(2844,'美姑县',332,3,'F'),(2845,'雷波县',332,3,'F'),(2846,'木里',332,3,'F'),(2847,'东坡区',333,3,'F'),(2848,'仁寿县',333,3,'F'),(2849,'彭山县',333,3,'F'),(2850,'洪雅县',333,3,'F'),(2851,'丹棱县',333,3,'F'),(2852,'青神县',333,3,'F'),(2853,'阆中市',334,3,'F'),(2854,'南部县',334,3,'F'),(2855,'营山县',334,3,'F'),(2856,'蓬安县',334,3,'F'),(2857,'仪陇县',334,3,'F'),(2858,'顺庆区',334,3,'F'),(2859,'高坪区',334,3,'F'),(2860,'嘉陵区',334,3,'F'),(2861,'西充县',334,3,'F'),(2862,'市中区',335,3,'F'),(2863,'东兴区',335,3,'F'),(2864,'威远县',335,3,'F'),(2865,'资中县',335,3,'F'),(2866,'隆昌县',335,3,'F'),(2867,'东  区',336,3,'F'),(2868,'西  区',336,3,'F'),(2869,'仁和区',336,3,'F'),(2870,'米易县',336,3,'F'),(2871,'盐边县',336,3,'F'),(2872,'船山区',337,3,'F'),(2873,'安居区',337,3,'F'),(2874,'蓬溪县',337,3,'F'),(2875,'射洪县',337,3,'F'),(2876,'大英县',337,3,'F'),(2877,'雨城区',338,3,'F'),(2878,'名山县',338,3,'F'),(2879,'荥经县',338,3,'F'),(2880,'汉源县',338,3,'F'),(2881,'石棉县',338,3,'F'),(2882,'天全县',338,3,'F'),(2883,'芦山县',338,3,'F'),(2884,'宝兴县',338,3,'F'),(2885,'翠屏区',339,3,'F'),(2886,'宜宾县',339,3,'F'),(2887,'南溪县',339,3,'F'),(2888,'江安县',339,3,'F'),(2889,'长宁县',339,3,'F'),(2890,'高县',339,3,'F'),(2891,'珙县',339,3,'F'),(2892,'筠连县',339,3,'F'),(2893,'兴文县',339,3,'F'),(2894,'屏山县',339,3,'F'),(2895,'雁江区',340,3,'F'),(2896,'简阳市',340,3,'F'),(2897,'安岳县',340,3,'F'),(2898,'乐至县',340,3,'F'),(2899,'大安区',341,3,'F'),(2900,'自流井区',341,3,'F'),(2901,'贡井区',341,3,'F'),(2902,'沿滩区',341,3,'F'),(2903,'荣县',341,3,'F'),(2904,'富顺县',341,3,'F'),(2905,'江阳区',342,3,'F'),(2906,'纳溪区',342,3,'F'),(2907,'龙马潭区',342,3,'F'),(2908,'泸县',342,3,'F'),(2909,'合江县',342,3,'F'),(2910,'叙永县',342,3,'F'),(2911,'古蔺县',342,3,'F'),(2912,'和平区',343,3,'F'),(2913,'河西区',343,3,'F'),(2914,'南开区',343,3,'F'),(2915,'河北区',343,3,'F'),(2916,'河东区',343,3,'F'),(2917,'红桥区',343,3,'F'),(2918,'东丽区',343,3,'F'),(2919,'津南区',343,3,'F'),(2920,'西青区',343,3,'F'),(2921,'北辰区',343,3,'F'),(2922,'塘沽区',343,3,'F'),(2923,'汉沽区',343,3,'F'),(2924,'大港区',343,3,'F'),(2925,'武清区',343,3,'F'),(2926,'宝坻区',343,3,'F'),(2927,'经济开发区',343,3,'F'),(2928,'宁河县',343,3,'F'),(2929,'静海县',343,3,'F'),(2930,'蓟县',343,3,'F'),(2931,'城关区',344,3,'F'),(2932,'林周县',344,3,'F'),(2933,'当雄县',344,3,'F'),(2934,'尼木县',344,3,'F'),(2935,'曲水县',344,3,'F'),(2936,'堆龙德庆县',344,3,'F'),(2937,'达孜县',344,3,'F'),(2938,'墨竹工卡县',344,3,'F'),(2939,'噶尔县',345,3,'F'),(2940,'普兰县',345,3,'F'),(2941,'札达县',345,3,'F'),(2942,'日土县',345,3,'F'),(2943,'革吉县',345,3,'F'),(2944,'改则县',345,3,'F'),(2945,'措勤县',345,3,'F'),(2946,'昌都县',346,3,'F'),(2947,'江达县',346,3,'F'),(2948,'贡觉县',346,3,'F'),(2949,'类乌齐县',346,3,'F'),(2950,'丁青县',346,3,'F'),(2951,'察雅县',346,3,'F'),(2952,'八宿县',346,3,'F'),(2953,'左贡县',346,3,'F'),(2954,'芒康县',346,3,'F'),(2955,'洛隆县',346,3,'F'),(2956,'边坝县',346,3,'F'),(2957,'林芝县',347,3,'F'),(2958,'工布江达县',347,3,'F'),(2959,'米林县',347,3,'F'),(2960,'墨脱县',347,3,'F'),(2961,'波密县',347,3,'F'),(2962,'察隅县',347,3,'F'),(2963,'朗县',347,3,'F'),(2964,'那曲县',348,3,'F'),(2965,'嘉黎县',348,3,'F'),(2966,'比如县',348,3,'F'),(2967,'聂荣县',348,3,'F'),(2968,'安多县',348,3,'F'),(2969,'申扎县',348,3,'F'),(2970,'索县',348,3,'F'),(2971,'班戈县',348,3,'F'),(2972,'巴青县',348,3,'F'),(2973,'尼玛县',348,3,'F'),(2974,'日喀则市',349,3,'F'),(2975,'南木林县',349,3,'F'),(2976,'江孜县',349,3,'F'),(2977,'定日县',349,3,'F'),(2978,'萨迦县',349,3,'F'),(2979,'拉孜县',349,3,'F'),(2980,'昂仁县',349,3,'F'),(2981,'谢通门县',349,3,'F'),(2982,'白朗县',349,3,'F'),(2983,'仁布县',349,3,'F'),(2984,'康马县',349,3,'F'),(2985,'定结县',349,3,'F'),(2986,'仲巴县',349,3,'F'),(2987,'亚东县',349,3,'F'),(2988,'吉隆县',349,3,'F'),(2989,'聂拉木县',349,3,'F'),(2990,'萨嘎县',349,3,'F'),(2991,'岗巴县',349,3,'F'),(2992,'乃东县',350,3,'F'),(2993,'扎囊县',350,3,'F'),(2994,'贡嘎县',350,3,'F'),(2995,'桑日县',350,3,'F'),(2996,'琼结县',350,3,'F'),(2997,'曲松县',350,3,'F'),(2998,'措美县',350,3,'F'),(2999,'洛扎县',350,3,'F'),(3000,'加查县',350,3,'F'),(3001,'隆子县',350,3,'F'),(3002,'错那县',350,3,'F'),(3003,'浪卡子县',350,3,'F'),(3004,'天山区',351,3,'F'),(3005,'沙依巴克区',351,3,'F'),(3006,'新市区',351,3,'F'),(3007,'水磨沟区',351,3,'F'),(3008,'头屯河区',351,3,'F'),(3009,'达坂城区',351,3,'F'),(3010,'米东区',351,3,'F'),(3011,'乌鲁木齐县',351,3,'F'),(3012,'阿克苏市',352,3,'F'),(3013,'温宿县',352,3,'F'),(3014,'库车县',352,3,'F'),(3015,'沙雅县',352,3,'F'),(3016,'新和县',352,3,'F'),(3017,'拜城县',352,3,'F'),(3018,'乌什县',352,3,'F'),(3019,'阿瓦提县',352,3,'F'),(3020,'柯坪县',352,3,'F'),(3021,'阿拉尔市',353,3,'F'),(3022,'库尔勒市',354,3,'F'),(3023,'轮台县',354,3,'F'),(3024,'尉犁县',354,3,'F'),(3025,'若羌县',354,3,'F'),(3026,'且末县',354,3,'F'),(3027,'焉耆',354,3,'F'),(3028,'和静县',354,3,'F'),(3029,'和硕县',354,3,'F'),(3030,'博湖县',354,3,'F'),(3031,'博乐市',355,3,'F'),(3032,'精河县',355,3,'F'),(3033,'温泉县',355,3,'F'),(3034,'呼图壁县',356,3,'F'),(3035,'米泉市',356,3,'F'),(3036,'昌吉市',356,3,'F'),(3037,'阜康市',356,3,'F'),(3038,'玛纳斯县',356,3,'F'),(3039,'奇台县',356,3,'F'),(3040,'吉木萨尔县',356,3,'F'),(3041,'木垒',356,3,'F'),(3042,'哈密市',357,3,'F'),(3043,'伊吾县',357,3,'F'),(3044,'巴里坤',357,3,'F'),(3045,'和田市',358,3,'F'),(3046,'和田县',358,3,'F'),(3047,'墨玉县',358,3,'F'),(3048,'皮山县',358,3,'F'),(3049,'洛浦县',358,3,'F'),(3050,'策勒县',358,3,'F'),(3051,'于田县',358,3,'F'),(3052,'民丰县',358,3,'F'),(3053,'喀什市',359,3,'F'),(3054,'疏附县',359,3,'F'),(3055,'疏勒县',359,3,'F'),(3056,'英吉沙县',359,3,'F'),(3057,'泽普县',359,3,'F'),(3058,'莎车县',359,3,'F'),(3059,'叶城县',359,3,'F'),(3060,'麦盖提县',359,3,'F'),(3061,'岳普湖县',359,3,'F'),(3062,'伽师县',359,3,'F'),(3063,'巴楚县',359,3,'F'),(3064,'塔什库尔干',359,3,'F'),(3065,'克拉玛依市',360,3,'F'),(3066,'阿图什市',361,3,'F'),(3067,'阿克陶县',361,3,'F'),(3068,'阿合奇县',361,3,'F'),(3069,'乌恰县',361,3,'F'),(3070,'石河子市',362,3,'F'),(3071,'图木舒克市',363,3,'F'),(3072,'吐鲁番市',364,3,'F'),(3073,'鄯善县',364,3,'F'),(3074,'托克逊县',364,3,'F'),(3075,'五家渠市',365,3,'F'),(3076,'阿勒泰市',366,3,'F'),(3077,'布克赛尔',366,3,'F'),(3078,'伊宁市',366,3,'F'),(3079,'布尔津县',366,3,'F'),(3080,'奎屯市',366,3,'F'),(3081,'乌苏市',366,3,'F'),(3082,'额敏县',366,3,'F'),(3083,'富蕴县',366,3,'F'),(3084,'伊宁县',366,3,'F'),(3085,'福海县',366,3,'F'),(3086,'霍城县',366,3,'F'),(3087,'沙湾县',366,3,'F'),(3088,'巩留县',366,3,'F'),(3089,'哈巴河县',366,3,'F'),(3090,'托里县',366,3,'F'),(3091,'青河县',366,3,'F'),(3092,'新源县',366,3,'F'),(3093,'裕民县',366,3,'F'),(3094,'和布克赛尔',366,3,'F'),(3095,'吉木乃县',366,3,'F'),(3096,'昭苏县',366,3,'F'),(3097,'特克斯县',366,3,'F'),(3098,'尼勒克县',366,3,'F'),(3099,'察布查尔',366,3,'F'),(3100,'盘龙区',367,3,'F'),(3101,'五华区',367,3,'F'),(3102,'官渡区',367,3,'F'),(3103,'西山区',367,3,'F'),(3104,'东川区',367,3,'F'),(3105,'安宁市',367,3,'F'),(3106,'呈贡县',367,3,'F'),(3107,'晋宁县',367,3,'F'),(3108,'富民县',367,3,'F'),(3109,'宜良县',367,3,'F'),(3110,'嵩明县',367,3,'F'),(3111,'石林县',367,3,'F'),(3112,'禄劝',367,3,'F'),(3113,'寻甸',367,3,'F'),(3114,'兰坪',368,3,'F'),(3115,'泸水县',368,3,'F'),(3116,'福贡县',368,3,'F'),(3117,'贡山',368,3,'F'),(3118,'宁洱',369,3,'F'),(3119,'思茅区',369,3,'F'),(3120,'墨江',369,3,'F'),(3121,'景东',369,3,'F'),(3122,'景谷',369,3,'F'),(3123,'镇沅',369,3,'F'),(3124,'江城',369,3,'F'),(3125,'孟连',369,3,'F'),(3126,'澜沧',369,3,'F'),(3127,'西盟',369,3,'F'),(3128,'古城区',370,3,'F'),(3129,'宁蒗',370,3,'F'),(3130,'玉龙',370,3,'F'),(3131,'永胜县',370,3,'F'),(3132,'华坪县',370,3,'F'),(3133,'隆阳区',371,3,'F'),(3134,'施甸县',371,3,'F'),(3135,'腾冲县',371,3,'F'),(3136,'龙陵县',371,3,'F'),(3137,'昌宁县',371,3,'F'),(3138,'楚雄市',372,3,'F'),(3139,'双柏县',372,3,'F'),(3140,'牟定县',372,3,'F'),(3141,'南华县',372,3,'F'),(3142,'姚安县',372,3,'F'),(3143,'大姚县',372,3,'F'),(3144,'永仁县',372,3,'F'),(3145,'元谋县',372,3,'F'),(3146,'武定县',372,3,'F'),(3147,'禄丰县',372,3,'F'),(3148,'大理市',373,3,'F'),(3149,'祥云县',373,3,'F'),(3150,'宾川县',373,3,'F'),(3151,'弥渡县',373,3,'F'),(3152,'永平县',373,3,'F'),(3153,'云龙县',373,3,'F'),(3154,'洱源县',373,3,'F'),(3155,'剑川县',373,3,'F'),(3156,'鹤庆县',373,3,'F'),(3157,'漾濞',373,3,'F'),(3158,'南涧',373,3,'F'),(3159,'巍山',373,3,'F'),(3160,'潞西市',374,3,'F'),(3161,'瑞丽市',374,3,'F'),(3162,'梁河县',374,3,'F'),(3163,'盈江县',374,3,'F'),(3164,'陇川县',374,3,'F'),(3165,'香格里拉县',375,3,'F'),(3166,'德钦县',375,3,'F'),(3167,'维西',375,3,'F'),(3168,'泸西县',376,3,'F'),(3169,'蒙自县',376,3,'F'),(3170,'个旧市',376,3,'F'),(3171,'开远市',376,3,'F'),(3172,'绿春县',376,3,'F'),(3173,'建水县',376,3,'F'),(3174,'石屏县',376,3,'F'),(3175,'弥勒县',376,3,'F'),(3176,'元阳县',376,3,'F'),(3177,'红河县',376,3,'F'),(3178,'金平',376,3,'F'),(3179,'河口',376,3,'F'),(3180,'屏边',376,3,'F'),(3181,'临翔区',377,3,'F'),(3182,'凤庆县',377,3,'F'),(3183,'云县',377,3,'F'),(3184,'永德县',377,3,'F'),(3185,'镇康县',377,3,'F'),(3186,'双江',377,3,'F'),(3187,'耿马',377,3,'F'),(3188,'沧源',377,3,'F'),(3189,'麒麟区',378,3,'F'),(3190,'宣威市',378,3,'F'),(3191,'马龙县',378,3,'F'),(3192,'陆良县',378,3,'F'),(3193,'师宗县',378,3,'F'),(3194,'罗平县',378,3,'F'),(3195,'富源县',378,3,'F'),(3196,'会泽县',378,3,'F'),(3197,'沾益县',378,3,'F'),(3198,'文山县',379,3,'F'),(3199,'砚山县',379,3,'F'),(3200,'西畴县',379,3,'F'),(3201,'麻栗坡县',379,3,'F'),(3202,'马关县',379,3,'F'),(3203,'丘北县',379,3,'F'),(3204,'广南县',379,3,'F'),(3205,'富宁县',379,3,'F'),(3206,'景洪市',380,3,'F'),(3207,'勐海县',380,3,'F'),(3208,'勐腊县',380,3,'F'),(3209,'红塔区',381,3,'F'),(3210,'江川县',381,3,'F'),(3211,'澄江县',381,3,'F'),(3212,'通海县',381,3,'F'),(3213,'华宁县',381,3,'F'),(3214,'易门县',381,3,'F'),(3215,'峨山',381,3,'F'),(3216,'新平',381,3,'F'),(3217,'元江',381,3,'F'),(3218,'昭阳区',382,3,'F'),(3219,'鲁甸县',382,3,'F'),(3220,'巧家县',382,3,'F'),(3221,'盐津县',382,3,'F'),(3222,'大关县',382,3,'F'),(3223,'永善县',382,3,'F'),(3224,'绥江县',382,3,'F'),(3225,'镇雄县',382,3,'F'),(3226,'彝良县',382,3,'F'),(3227,'威信县',382,3,'F'),(3228,'水富县',382,3,'F'),(3229,'西湖区',383,3,'F'),(3230,'上城区',383,3,'F'),(3231,'下城区',383,3,'F'),(3232,'拱墅区',383,3,'F'),(3233,'滨江区',383,3,'F'),(3234,'江干区',383,3,'F'),(3235,'萧山区',383,3,'F'),(3236,'余杭区',383,3,'F'),(3237,'市郊',383,3,'F'),(3238,'建德市',383,3,'F'),(3239,'富阳市',383,3,'F'),(3240,'临安市',383,3,'F'),(3241,'桐庐县',383,3,'F'),(3242,'淳安县',383,3,'F'),(3243,'吴兴区',384,3,'F'),(3244,'南浔区',384,3,'F'),(3245,'德清县',384,3,'F'),(3246,'长兴县',384,3,'F'),(3247,'安吉县',384,3,'F'),(3248,'南湖区',385,3,'F'),(3249,'秀洲区',385,3,'F'),(3250,'海宁市',385,3,'F'),(3251,'嘉善县',385,3,'F'),(3252,'平湖市',385,3,'F'),(3253,'桐乡市',385,3,'F'),(3254,'海盐县',385,3,'F'),(3255,'婺城区',386,3,'F'),(3256,'金东区',386,3,'F'),(3257,'兰溪市',386,3,'F'),(3258,'市区',386,3,'F'),(3259,'佛堂镇',386,3,'F'),(3260,'上溪镇',386,3,'F'),(3261,'义亭镇',386,3,'F'),(3262,'大陈镇',386,3,'F'),(3263,'苏溪镇',386,3,'F'),(3264,'赤岸镇',386,3,'F'),(3265,'东阳市',386,3,'F'),(3266,'永康市',386,3,'F'),(3267,'武义县',386,3,'F'),(3268,'浦江县',386,3,'F'),(3269,'磐安县',386,3,'F'),(3270,'莲都区',387,3,'F'),(3271,'龙泉市',387,3,'F'),(3272,'青田县',387,3,'F'),(3273,'缙云县',387,3,'F'),(3274,'遂昌县',387,3,'F'),(3275,'松阳县',387,3,'F'),(3276,'云和县',387,3,'F'),(3277,'庆元县',387,3,'F'),(3278,'景宁',387,3,'F'),(3279,'海曙区',388,3,'F'),(3280,'江东区',388,3,'F'),(3281,'江北区',388,3,'F'),(3282,'镇海区',388,3,'F'),(3283,'北仑区',388,3,'F'),(3284,'鄞州区',388,3,'F'),(3285,'余姚市',388,3,'F'),(3286,'慈溪市',388,3,'F'),(3287,'奉化市',388,3,'F'),(3288,'象山县',388,3,'F'),(3289,'宁海县',388,3,'F'),(3290,'越城区',389,3,'F'),(3291,'上虞市',389,3,'F'),(3292,'嵊州市',389,3,'F'),(3293,'绍兴县',389,3,'F'),(3294,'新昌县',389,3,'F'),(3295,'诸暨市',389,3,'F'),(3296,'椒江区',390,3,'F'),(3297,'黄岩区',390,3,'F'),(3298,'路桥区',390,3,'F'),(3299,'温岭市',390,3,'F'),(3300,'临海市',390,3,'F'),(3301,'玉环县',390,3,'F'),(3302,'三门县',390,3,'F'),(3303,'天台县',390,3,'F'),(3304,'仙居县',390,3,'F'),(3305,'鹿城区',391,3,'F'),(3306,'龙湾区',391,3,'F'),(3307,'瓯海区',391,3,'F'),(3308,'瑞安市',391,3,'F'),(3309,'乐清市',391,3,'F'),(3310,'洞头县',391,3,'F'),(3311,'永嘉县',391,3,'F'),(3312,'平阳县',391,3,'F'),(3313,'苍南县',391,3,'F'),(3314,'文成县',391,3,'F'),(3315,'泰顺县',391,3,'F'),(3316,'定海区',392,3,'F'),(3317,'普陀区',392,3,'F'),(3318,'岱山县',392,3,'F'),(3319,'嵊泗县',392,3,'F'),(3320,'衢州市',393,3,'F'),(3321,'江山市',393,3,'F'),(3322,'常山县',393,3,'F'),(3323,'开化县',393,3,'F'),(3324,'龙游县',393,3,'F'),(3325,'合川区',394,3,'F'),(3326,'江津区',394,3,'F'),(3327,'南川区',394,3,'F'),(3328,'永川区',394,3,'F'),(3329,'南岸区',394,3,'F'),(3330,'渝北区',394,3,'F'),(3331,'万盛区',394,3,'F'),(3332,'大渡口区',394,3,'F'),(3333,'万州区',394,3,'F'),(3334,'北碚区',394,3,'F'),(3335,'沙坪坝区',394,3,'F'),(3336,'巴南区',394,3,'F'),(3337,'涪陵区',394,3,'F'),(3338,'江北区',394,3,'F'),(3339,'九龙坡区',394,3,'F'),(3340,'渝中区',394,3,'F'),(3341,'黔江开发区',394,3,'F'),(3342,'长寿区',394,3,'F'),(3343,'双桥区',394,3,'F'),(3344,'綦江县',394,3,'F'),(3345,'潼南县',394,3,'F'),(3346,'铜梁县',394,3,'F'),(3347,'大足县',394,3,'F'),(3348,'荣昌县',394,3,'F'),(3349,'璧山县',394,3,'F'),(3350,'垫江县',394,3,'F'),(3351,'武隆县',394,3,'F'),(3352,'丰都县',394,3,'F'),(3353,'城口县',394,3,'F'),(3354,'梁平县',394,3,'F'),(3355,'开县',394,3,'F'),(3356,'巫溪县',394,3,'F'),(3357,'巫山县',394,3,'F'),(3358,'奉节县',394,3,'F'),(3359,'云阳县',394,3,'F'),(3360,'忠县',394,3,'F'),(3361,'石柱',394,3,'F'),(3362,'彭水',394,3,'F'),(3363,'酉阳',394,3,'F'),(3364,'秀山',394,3,'F'),(3365,'沙田区',395,3,'F'),(3366,'东区',395,3,'F'),(3367,'观塘区',395,3,'F'),(3368,'黄大仙区',395,3,'F'),(3369,'九龙城区',395,3,'F'),(3370,'屯门区',395,3,'F'),(3371,'葵青区',395,3,'F'),(3372,'元朗区',395,3,'F'),(3373,'深水埗区',395,3,'F'),(3374,'西贡区',395,3,'F'),(3375,'大埔区',395,3,'F'),(3376,'湾仔区',395,3,'F'),(3377,'油尖旺区',395,3,'F'),(3378,'北区',395,3,'F'),(3379,'南区',395,3,'F'),(3380,'荃湾区',395,3,'F'),(3381,'中西区',395,3,'F'),(3382,'离岛区',395,3,'F'),(3383,'澳门',396,3,'F'),(3384,'台北',397,3,'F'),(3385,'高雄',397,3,'F'),(3386,'基隆',397,3,'F'),(3387,'台中',397,3,'F'),(3388,'台南',397,3,'F'),(3389,'新竹',397,3,'F'),(3390,'嘉义',397,3,'F'),(3391,'宜兰县',397,3,'F'),(3392,'桃园县',397,3,'F'),(3393,'苗栗县',397,3,'F'),(3394,'彰化县',397,3,'F'),(3395,'南投县',397,3,'F'),(3396,'云林县',397,3,'F'),(3397,'屏东县',397,3,'F'),(3398,'台东县',397,3,'F'),(3399,'花莲县',397,3,'F'),(3400,'澎湖县',397,3,'F'),(3401,'合肥',3,2,'T'),(3402,'庐阳区',3401,3,'F'),(3403,'瑶海区',3401,3,'F'),(3404,'蜀山区',3401,3,'F'),(3405,'包河区',3401,3,'F'),(3406,'长丰县',3401,3,'F'),(3407,'肥东县',3401,3,'F'),(3408,'肥西县',3401,3,'F');

#
# Source for table "cms_fields"
#

DROP TABLE IF EXISTS `cms_fields`;
CREATE TABLE `cms_fields` (
  `f_id` smallint(5) unsigned NOT NULL AUTO_INCREMENT,
  `model_id` tinyint(4) NOT NULL COMMENT '模型的id',
  `f_ename` varchar(32) NOT NULL COMMENT '英文名称',
  `f_cname` varchar(32) NOT NULL COMMENT '中文名称',
  `f_type` varchar(32) NOT NULL COMMENT '字段的类型',
  `f_value` varchar(32) NOT NULL COMMENT '字段的默认值',
  PRIMARY KEY (`f_id`)
) ENGINE=InnoDB AUTO_INCREMENT=5 DEFAULT CHARSET=utf8 COMMENT='字段表';

#
# Data for table "cms_fields"
#

INSERT INTO `cms_fields` VALUES (1,1,'daoyan','导演','text',''),(2,1,'year','年代','radio','2010,2012,2013,2014,2015'),(3,1,'qing','剧情','textarea',''),(4,1,'lang','语言','checkbox','粤语,英语,国语,外国语');

#
# Source for table "cms_img"
#

DROP TABLE IF EXISTS `cms_img`;
CREATE TABLE `cms_img` (
  `aid` smallint(5) unsigned NOT NULL,
  PRIMARY KEY (`aid`)
) ENGINE=InnoDB DEFAULT CHARSET=utf8;

#
# Data for table "cms_img"
#


#
# Source for table "cms_model"
#

DROP TABLE IF EXISTS `cms_model`;
CREATE TABLE `cms_model` (
  `m_id` tinyint(3) unsigned NOT NULL AUTO_INCREMENT,
  `m_name` varchar(32) NOT NULL COMMENT '模型名字',
  `m_tablename` varchar(32) NOT NULL COMMENT '附加表名字',
  PRIMARY KEY (`m_id`)
) ENGINE=InnoDB AUTO_INCREMENT=3 DEFAULT CHARSET=utf8 COMMENT='模型的表';

#
# Data for table "cms_model"
#

INSERT INTO `cms_model` VALUES (1,'电影','movie'),(2,'图片','img');

#
# Source for table "cms_movie"
#

DROP TABLE IF EXISTS `cms_movie`;
CREATE TABLE `cms_movie` (
  `aid` smallint(5) unsigned NOT NULL,
  `daoyan` varchar(32) NOT NULL DEFAULT '',
  `year` varchar(32) NOT NULL DEFAULT '',
  `qing` varchar(256) NOT NULL DEFAULT '',
  `lang` varchar(32) NOT NULL DEFAULT '',
  PRIMARY KEY (`aid`)
) ENGINE=InnoDB DEFAULT CHARSET=utf8;

#
# Data for table "cms_movie"
#


#
# Source for table "cms_role"
#

DROP TABLE IF EXISTS `cms_role`;
CREATE TABLE `cms_role` (
  `r_id` tinyint(3) unsigned NOT NULL AUTO_INCREMENT,
  `r_name` varchar(32) NOT NULL COMMENT '角色名字',
  PRIMARY KEY (`r_id`)
) ENGINE=InnoDB AUTO_INCREMENT=8 DEFAULT CHARSET=utf8 COMMENT='用户角色表';

#
# Data for table "cms_role"
#

INSERT INTO `cms_role` VALUES (2,'网站编辑'),(3,'商品编辑'),(4,'普通员工'),(5,'总经理'),(6,'网站管理员'),(7,'测试角色');

#
# Source for table "cms_user_role"
#

DROP TABLE IF EXISTS `cms_user_role`;
CREATE TABLE `cms_user_role` (
  `user_id` tinyint(3) unsigned NOT NULL COMMENT '用户id',
  `role_id` tinyint(3) unsigned NOT NULL COMMENT '角色id',
  KEY `user_id` (`user_id`),
  KEY `role_id` (`role_id`)
) ENGINE=InnoDB DEFAULT CHARSET=utf8 COMMENT='用户+角色(中间表)';

#
# Data for table "cms_user_role"
#

INSERT INTO `cms_user_role` VALUES (2,2),(3,3),(4,4),(5,5),(6,6),(7,7);

/*!40014 SET FOREIGN_KEY_CHECKS=@OLD_FOREIGN_KEY_CHECKS */;
/*!40014 SET UNIQUE_CHECKS=@OLD_UNIQUE_CHECKS */;
/*!40111 SET SQL_NOTES=@OLD_SQL_NOTES */;
/*!40101 SET SQL_MODE=@OLD_SQL_MODE */;
/*!40101 SET CHARACTER_SET_CLIENT=@OLD_CHARACTER_SET_CLIENT */;
/*!40101 SET CHARACTER_SET_RESULTS=@OLD_CHARACTER_SET_RESULTS */;
/*!40101 SET COLLATION_CONNECTION=@OLD_COLLATION_CONNECTION */;
